Article,Division,Magasin,MvT,Texte code mvt,S,Doc.article,Date cpt.,Qté en UQS,UQS,Désignation article,Nom utilisateur
1000921426,TA11,PRD2,311,TR transf. dans div.,,4901254372,21.09.2026,-200,PC,PF CONDUIT AIR 80MM REF 15,BARFLOW_TA11
1000921426,TA11,EXP2,311,TR transf. dans div.,,4901254372,21.09.2026,200,PC,PF CONDUIT AIR 80MM REF 15,BARFLOW_TA11
1000614750,TA11,PRD2,311,TR transf. dans div.,,4901254375,21.09.2026,-120,PC,PF COQUE RETROVISEUR REF 32,BARFLOW_TA11
1000614750,TA11,EXP2,311,TR transf. dans div.,,4901254375,21.09.2026,120,PC,PF COQUE RETROVISEUR REF 32,BARFLOW_TA11
1000614750,TA11,PRD2,311,TR transf. dans div.,,4901254378,21.09.2026,-120,PC,PF COQUE RETROVISEUR REF 32,BARFLOW_TA11
1000614750,TA11,EXP2,311,TR transf. dans div.,,4901254378,21.09.2026,120,PC,PF COQUE RETROVISEUR REF 32,BARFLOW_TA11
1000626925,TA11,PRD2,311,TR transf. dans div.,,4901254381,21.09.2026,-24,PC,PF BOITIER 12V REF 01,BARFLOW_TA11
1000626925,TA11,EXP2,311,TR transf. dans div.,,4901254381,21.09.2026,24,PC,PF BOITIER 12V REF 01,BARFLOW_TA11
1000626925,TA11,PRD2,311,TR transf. dans div.,,4901254382,21.09.2026,-24,PC,PF BOITIER 12V REF 01,BARFLOW_TA11
1000626925,TA11,EXP2,311,TR transf. dans div.,,4901254382,21.09.2026,24,PC,PF BOITIER 12V REF 01,BARFLOW_TA11
1000983322,TA11,PRD2,311,TR transf. dans div.,,4901254385,21.09.2026,-96,PC,PF POIGNEE PORTE CHROME REF 09,BARFLOW_TA11
1000983322,TA11,EXP2,311,TR transf. dans div.,,4901254385,21.09.2026,96,PC,PF POIGNEE PORTE CHROME REF 09,BARFLOW_TA11
1000700381,TA11,PRD2,311,TR transf. dans div.,,4901254388,21.09.2026,-72,PC,PF BOITIER FUSIBLES REF 11,BARFLOW_TA11
1000700381,TA11,EXP2,311,TR transf. dans div.,,4901254388,21.09.2026,72,PC,PF BOITIER FUSIBLES REF 11,BARFLOW_TA11
1000887507,TA11,PRD2,311,TR transf. dans div.,,4901254389,21.09.2026,-600,KG,PF COMPOUND ABS VRAC OCTABIN,BARFLOW_TA11
1000887507,TA11,EXP2,311,TR transf. dans div.,,4901254389,21.09.2026,600,KG,PF COMPOUND ABS VRAC OCTABIN,BARFLOW_TA11
1000626925,TA11,PRD2,311,TR transf. dans div.,,4901254391,21.09.2026,-24,PC,PF BOITIER 12V REF 01,OPEXP02
1000626925,TA11,EXP2,311,TR transf. dans div.,,4901254391,21.09.2026,24,PC,PF BOITIER 12V REF 01,OPEXP02
1000983322,TA11,PRD2,311,TR transf. dans div.,,4901254394,21.09.2026,-96,PC,PF POIGNEE PORTE CHROME REF 09,BARFLOW_TA11
1000983322,TA11,EXP2,311,TR transf. dans div.,,4901254394,21.09.2026,96,PC,PF POIGNEE PORTE CHROME REF 09,BARFLOW_TA11
1000744039,TA11,PRD2,311,TR transf. dans div.,,4901254400,21.09.2026,-480,PC,PF PATTE FIXATION REF 26,BARFLOW_TA11
1000744039,TA11,EXP2,311,TR transf. dans div.,,4901254400,21.09.2026,480,PC,PF PATTE FIXATION REF 26,BARFLOW_TA11
1000921426,TA11,PRD2,311,TR transf. dans div.,,4901254401,21.09.2026,-200,PC,PF CONDUIT AIR 80MM REF 15,BARFLOW_TA11
1000921426,TA11,EXP2,311,TR transf. dans div.,,4901254401,21.09.2026,200,PC,PF CONDUIT AIR 80MM REF 15,BARFLOW_TA11
1000914295,TA11,PRD2,311,TR transf. dans div.,,4901254403,21.09.2026,-320,PC,PF CONNECTEUR 4 VOIES REF 04,BARFLOW_TA11
1000914295,TA11,EXP2,311,TR transf. dans div.,,4901254403,21.09.2026,320,PC,PF CONNECTEUR 4 VOIES REF 04,BARFLOW_TA11
1000744039,TA11,PRD2,311,TR transf. dans div.,,4901254412,21.09.2026,-480,PC,PF PATTE FIXATION REF 26,BARFLOW_TA11
1000744039,TA11,EXP2,311,TR transf. dans div.,,4901254412,21.09.2026,480,PC,PF PATTE FIXATION REF 26,BARFLOW_TA11
1000744039,TA11,PRD2,311,TR transf. dans div.,,4901254415,21.09.2026,-480,PC,PF PATTE FIXATION REF 26,BARFLOW_TA11
1000744039,TA11,EXP2,311,TR transf. dans div.,,4901254415,21.09.2026,480,PC,PF PATTE FIXATION REF 26,BARFLOW_TA11
1000700381,TA11,PRD2,311,TR transf. dans div.,,4901254419,21.09.2026,-72,PC,PF BOITIER FUSIBLES REF 11,OPEXP02
1000700381,TA11,EXP2,311,TR transf. dans div.,,4901254419,21.09.2026,72,PC,PF BOITIER FUSIBLES REF 11,OPEXP02
1000887507,TA11,PRD2,311,TR transf. dans div.,,4901254422,21.09.2026,-600,KG,PF COMPOUND ABS VRAC OCTABIN,BARFLOW_TA11
1000887507,TA11,EXP2,311,TR transf. dans div.,,4901254422,21.09.2026,600,KG,PF COMPOUND ABS VRAC OCTABIN,BARFLOW_TA11
1000700381,TA11,PRD2,311,TR transf. dans div.,,4901254426,21.09.2026,-72,PC,PF BOITIER FUSIBLES REF 11,BARFLOW_TA11
1000700381,TA11,EXP2,311,TR transf. dans div.,,4901254426,21.09.2026,72,PC,PF BOITIER FUSIBLES REF 11,BARFLOW_TA11
1000887507,TA11,PRD2,311,TR transf. dans div.,,4901254427,21.09.2026,-600,KG,PF COMPOUND ABS VRAC OCTABIN,BARFLOW_TA11
1000887507,TA11,EXP2,311,TR transf. dans div.,,4901254427,21.09.2026,600,KG,PF COMPOUND ABS VRAC OCTABIN,BARFLOW_TA11
1000614750,TA11,PRD2,311,TR transf. dans div.,,4901254428,21.09.2026,-66,PC,PF COQUE RETROVISEUR REF 32,BARFLOW_TA11
1000614750,TA11,EXP2,311,TR transf. dans div.,,4901254428,21.09.2026,66,PC,PF COQUE RETROVISEUR REF 32,BARFLOW_TA11
1000914295,TA11,PRD2,311,TR transf. dans div.,,4901254434,21.09.2026,-320,PC,PF CONNECTEUR 4 VOIES REF 04,BARFLOW_TA11
1000914295,TA11,EXP2,311,TR transf. dans div.,,4901254434,21.09.2026,320,PC,PF CONNECTEUR 4 VOIES REF 04,BARFLOW_TA11
1000914295,TA11,PRD2,311,TR transf. dans div.,,4901254435,21.09.2026,-320,PC,PF CONNECTEUR 4 VOIES REF 04,BARFLOW_TA11
1000914295,TA11,EXP2,311,TR transf. dans div.,,4901254435,21.09.2026,320,PC,PF CONNECTEUR 4 VOIES REF 04,BARFLOW_TA11
1000914295,TA11,PRD2,311,TR transf. dans div.,,4901254439,21.09.2026,-320,PC,PF CONNECTEUR 4 VOIES REF 04,BARFLOW_TA11
1000914295,TA11,EXP2,311,TR transf. dans div.,,4901254439,21.09.2026,320,PC,PF CONNECTEUR 4 VOIES REF 04,BARFLOW_TA11
1000429497,TA11,PRD2,311,TR transf. dans div.,,4901254456,21.09.2026,-96,PC,PF PANNEAU PORTE DROIT REF 22,BARFLOW_TA11
1000429497,TA11,EXP2,311,TR transf. dans div.,,4901254456,21.09.2026,96,PC,PF PANNEAU PORTE DROIT REF 22,BARFLOW_TA11
1000429497,TA11,PRD2,311,TR transf. dans div.,,4901254465,21.09.2026,-96,PC,PF PANNEAU PORTE DROIT REF 22,BARFLOW_TA11
1000429497,TA11,EXP2,311,TR transf. dans div.,,4901254465,21.09.2026,96,PC,PF PANNEAU PORTE DROIT REF 22,BARFLOW_TA11
1000429497,TA11,PRD2,311,TR transf. dans div.,,4901254469,21.09.2026,-96,PC,PF PANNEAU PORTE DROIT REF 22,BARFLOW_TA11
1000429497,TA11,EXP2,311,TR transf. dans div.,,4901254469,21.09.2026,96,PC,PF PANNEAU PORTE DROIT REF 22,BARFLOW_TA11
1000202814,TA11,PRD2,311,TR transf. dans div.,,4901254471,21.09.2026,-144,PC,PF CARTER PROTECTION NOIR REF 06,BARFLOW_TA11
1000202814,TA11,EXP2,311,TR transf. dans div.,,4901254471,21.09.2026,144,PC,PF CARTER PROTECTION NOIR REF 06,BARFLOW_TA11
1000778636,TA11,PRD2,311,TR transf. dans div.,,4901254483,21.09.2026,-144,PC,PF GRILLE AERATION BLANCHE REF 08,BARFLOW_TA11
1000778636,TA11,EXP2,311,TR transf. dans div.,,4901254483,21.09.2026,144,PC,PF GRILLE AERATION BLANCHE REF 08,BARFLOW_TA11
1000778636,TA11,PRD2,311,TR transf. dans div.,,4901254498,21.09.2026,-108,PC,PF GRILLE AERATION BLANCHE REF 08,BARFLOW_TA11
1000778636,TA11,EXP2,311,TR transf. dans div.,,4901254498,21.09.2026,108,PC,PF GRILLE AERATION BLANCHE REF 08,BARFLOW_TA11
1000429497,TA11,PRD2,311,TR transf. dans div.,,4901254502,21.09.2026,-96,PC,PF PANNEAU PORTE DROIT REF 22,BARFLOW_TA11
1000429497,TA11,EXP2,311,TR transf. dans div.,,4901254502,21.09.2026,96,PC,PF PANNEAU PORTE DROIT REF 22,BARFLOW_TA11
1000778636,TA11,PRD2,311,TR transf. dans div.,,4901254503,21.09.2026,-144,PC,PF GRILLE AERATION BLANCHE REF 08,BARFLOW_TA11
1000778636,TA11,EXP2,311,TR transf. dans div.,,4901254503,21.09.2026,144,PC,PF GRILLE AERATION BLANCHE REF 08,BARFLOW_TA11
1000429497,TA11,PRD2,311,TR transf. dans div.,,4901254512,21.09.2026,-96,PC,PF PANNEAU PORTE DROIT REF 22,BARFLOW_TA11
1000429497,TA11,EXP2,311,TR transf. dans div.,,4901254512,21.09.2026,96,PC,PF PANNEAU PORTE DROIT REF 22,BARFLOW_TA11
1000202814,TA11,PRD2,311,TR transf. dans div.,,4901254524,21.09.2026,-144,PC,PF CARTER PROTECTION NOIR REF 06,BARFLOW_TA11
1000202814,TA11,EXP2,311,TR transf. dans div.,,4901254524,21.09.2026,144,PC,PF CARTER PROTECTION NOIR REF 06,BARFLOW_TA11
1000224906,TA11,PRD2,311,TR transf. dans div.,,4901254525,21.09.2026,-144,PC,PF COUVERCLE BATTERIE REF 13,BARFLOW_TA11
1000224906,TA11,EXP2,311,TR transf. dans div.,,4901254525,21.09.2026,144,PC,PF COUVERCLE BATTERIE REF 13,BARFLOW_TA11
1000778636,TA11,PRD2,311,TR transf. dans div.,,4901254527,21.09.2026,-144,PC,PF GRILLE AERATION BLANCHE REF 08,OPEXP01
1000778636,TA11,EXP2,311,TR transf. dans div.,,4901254527,21.09.2026,144,PC,PF GRILLE AERATION BLANCHE REF 08,OPEXP01
1000429497,TA11,PRD2,311,TR transf. dans div.,,4901254529,21.09.2026,-96,PC,PF PANNEAU PORTE DROIT REF 22,BARFLOW_TA11
1000429497,TA11,EXP2,311,TR transf. dans div.,,4901254529,21.09.2026,96,PC,PF PANNEAU PORTE DROIT REF 22,BARFLOW_TA11
1000818461,TA11,PRD2,311,TR transf. dans div.,,4901254531,21.09.2026,-36,PC,PF CONSOLE CENTRALE REF 24,BARFLOW_TA11
1000818461,TA11,EXP2,311,TR transf. dans div.,,4901254531,21.09.2026,36,PC,PF CONSOLE CENTRALE REF 24,BARFLOW_TA11
1000812390,TA11,EMRT,311,TR transf. dans div.,,4901254537,21.09.2026,-72,PC,PF CACHE MOTEUR REF 20,OPEXP01
1000812390,TA11,EXP2,311,TR transf. dans div.,,4901254537,21.09.2026,72,PC,PF CACHE MOTEUR REF 20,OPEXP01
1000224906,TA11,PRD2,311,TR transf. dans div.,,4901254539,21.09.2026,-93,PC,PF COUVERCLE BATTERIE REF 13,BARFLOW_TA11
1000224906,TA11,EXP2,311,TR transf. dans div.,,4901254539,21.09.2026,93,PC,PF COUVERCLE BATTERIE REF 13,BARFLOW_TA11
1000429497,TA11,PRD2,311,TR transf. dans div.,,4901254540,21.09.2026,-96,PC,PF PANNEAU PORTE DROIT REF 22,BARFLOW_TA11
1000429497,TA11,EXP2,311,TR transf. dans div.,,4901254540,21.09.2026,96,PC,PF PANNEAU PORTE DROIT REF 22,BARFLOW_TA11
1000224906,TA11,PRD2,311,TR transf. dans div.,,4901254541,21.09.2026,-144,PC,PF COUVERCLE BATTERIE REF 13,BARFLOW_TA11
1000224906,TA11,EXP2,311,TR transf. dans div.,,4901254541,21.09.2026,144,PC,PF COUVERCLE BATTERIE REF 13,BARFLOW_TA11
1000778636,TA11,PRD2,311,TR transf. dans div.,,4901254544,21.09.2026,-144,PC,PF GRILLE AERATION BLANCHE REF 08,BARFLOW_TA11
1000778636,TA11,EXP2,311,TR transf. dans div.,,4901254544,21.09.2026,144,PC,PF GRILLE AERATION BLANCHE REF 08,BARFLOW_TA11
1000778636,TA11,PRD2,311,TR transf. dans div.,,4901254546,21.09.2026,-144,PC,PF GRILLE AERATION BLANCHE REF 08,OPEXP02
1000778636,TA11,EXP2,311,TR transf. dans div.,,4901254546,21.09.2026,144,PC,PF GRILLE AERATION BLANCHE REF 08,OPEXP02
1000224906,TA11,PRD2,311,TR transf. dans div.,,4901254549,21.09.2026,-144,PC,PF COUVERCLE BATTERIE REF 13,BARFLOW_TA11
1000224906,TA11,EXP2,311,TR transf. dans div.,,4901254549,21.09.2026,144,PC,PF COUVERCLE BATTERIE REF 13,BARFLOW_TA11
1000778636,TA11,PRD2,311,TR transf. dans div.,,4901254551,21.09.2026,-144,PC,PF GRILLE AERATION BLANCHE REF 08,BARFLOW_TA11
1000778636,TA11,EXP2,311,TR transf. dans div.,,4901254551,21.09.2026,144,PC,PF GRILLE AERATION BLANCHE REF 08,BARFLOW_TA11
1000429497,TA11,PRD2,311,TR transf. dans div.,,4901254552,21.09.2026,-96,PC,PF PANNEAU PORTE DROIT REF 22,OPEXP03
1000429497,TA11,EXP2,311,TR transf. dans div.,,4901254552,21.09.2026,96,PC,PF PANNEAU PORTE DROIT REF 22,OPEXP03
1000429497,TA11,PRD2,311,TR transf. dans div.,,4901254554,21.09.2026,-96,PC,PF PANNEAU PORTE DROIT REF 22,BARFLOW_TA11
1000429497,TA11,EXP2,311,TR transf. dans div.,,4901254554,21.09.2026,96,PC,PF PANNEAU PORTE DROIT REF 22,BARFLOW_TA11
1000429497,TA11,PRD2,311,TR transf. dans div.,,4901254556,21.09.2026,-96,PC,PF PANNEAU PORTE DROIT REF 22,BARFLOW_TA11
1000429497,TA11,EXP2,311,TR transf. dans div.,,4901254556,21.09.2026,96,PC,PF PANNEAU PORTE DROIT REF 22,BARFLOW_TA11
1000818461,TA11,PRD2,311,TR transf. dans div.,,4901254559,21.09.2026,-36,PC,PF CONSOLE CENTRALE REF 24,OPEXP01
1000818461,TA11,EXP2,311,TR transf. dans div.,,4901254559,21.09.2026,36,PC,PF CONSOLE CENTRALE REF 24,OPEXP01
1000224906,TA11,PRD2,311,TR transf. dans div.,,4901254560,21.09.2026,-144,PC,PF COUVERCLE BATTERIE REF 13,OPEXP01
1000224906,TA11,EXP2,311,TR transf. dans div.,,4901254560,21.09.2026,144,PC,PF COUVERCLE BATTERIE REF 13,OPEXP01
1000202814,TA11,PRD2,311,TR transf. dans div.,,4901254564,21.09.2026,-144,PC,PF CARTER PROTECTION NOIR REF 06,BARFLOW_TA11
1000202814,TA11,EXP2,311,TR transf. dans div.,,4901254564,21.09.2026,144,PC,PF CARTER PROTECTION NOIR REF 06,BARFLOW_TA11
1000202814,TA11,PRD2,311,TR transf. dans div.,,4901254567,21.09.2026,-144,PC,PF CARTER PROTECTION NOIR REF 06,BARFLOW_TA11
1000202814,TA11,EXP2,311,TR transf. dans div.,,4901254567,21.09.2026,144,PC,PF CARTER PROTECTION NOIR REF 06,BARFLOW_TA11
1000202814,TA11,PRD2,311,TR transf. dans div.,,4901254570,21.09.2026,-144,PC,PF CARTER PROTECTION NOIR REF 06,BARFLOW_TA11
1000202814,TA11,EXP2,311,TR transf. dans div.,,4901254570,21.09.2026,144,PC,PF CARTER PROTECTION NOIR REF 06,BARFLOW_TA11
1000202814,TA11,PRD2,311,TR transf. dans div.,,4901254573,21.09.2026,-144,PC,PF CARTER PROTECTION NOIR REF 06,BARFLOW_TA11
1000202814,TA11,EXP2,311,TR transf. dans div.,,4901254573,21.09.2026,144,PC,PF CARTER PROTECTION NOIR REF 06,BARFLOW_TA11
1000224906,TA11,PRD2,311,TR transf. dans div.,,4901254576,21.09.2026,-144,PC,PF COUVERCLE BATTERIE REF 13,BARFLOW_TA11
1000224906,TA11,EXP2,311,TR transf. dans div.,,4901254576,21.09.2026,144,PC,PF COUVERCLE BATTERIE REF 13,BARFLOW_TA11
1000334130,TA11,EMRT,311,TR transf. dans div.,,4901254579,21.09.2026,-480,PC,PF PLATINE ELECTRONIQUE REF 12,OPEXP03
1000334130,TA11,EXP2,311,TR transf. dans div.,,4901254579,21.09.2026,480,PC,PF PLATINE ELECTRONIQUE REF 12,OPEXP03
1000700381,TA11,PRD2,311,TR transf. dans div.,,4901254583,21.09.2026,-72,PC,PF BOITIER FUSIBLES REF 11,OPEXP03
1000700381,TA11,EXP2,311,TR transf. dans div.,,4901254583,21.09.2026,72,PC,PF BOITIER FUSIBLES REF 11,OPEXP03
1000700381,TA11,PRD2,311,TR transf. dans div.,,4901254586,21.09.2026,-72,PC,PF BOITIER FUSIBLES REF 11,BARFLOW_TA11
1000700381,TA11,EXP2,311,TR transf. dans div.,,4901254586,21.09.2026,72,PC,PF BOITIER FUSIBLES REF 11,BARFLOW_TA11
1000334130,TA11,EXP2,311,TR transf. dans div.,,4901254591,21.09.2026,-1920,PC,PF PLATINE ELECTRONIQUE REF 12,CHEFQUAI1
1000334130,TA11,EMRT,311,TR transf. dans div.,,4901254591,21.09.2026,1920,PC,PF PLATINE ELECTRONIQUE REF 12,CHEFQUAI1
1000700381,TA11,PRD2,311,TR transf. dans div.,,4901254596,21.09.2026,-72,PC,PF BOITIER FUSIBLES REF 11,BARFLOW_TA11
1000700381,TA11,EXP2,311,TR transf. dans div.,,4901254596,21.09.2026,72,PC,PF BOITIER FUSIBLES REF 11,BARFLOW_TA11
1000700381,TA11,PRD2,311,TR transf. dans div.,,4901254600,21.09.2026,-72,PC,PF BOITIER FUSIBLES REF 11,BARFLOW_TA11
1000700381,TA11,EXP2,311,TR transf. dans div.,,4901254600,21.09.2026,72,PC,PF BOITIER FUSIBLES REF 11,BARFLOW_TA11
1000910625,TA11,PRD2,311,TR transf. dans div.,,4901254619,21.09.2026,-72,PC,PF ECROU PLASTIQUE M8 REF 29,BARFLOW_TA11
1000910625,TA11,EXP2,311,TR transf. dans div.,,4901254619,21.09.2026,72,PC,PF ECROU PLASTIQUE M8 REF 29,BARFLOW_TA11
1000334130,TA11,PRD2,311,TR transf. dans div.,,4901254624,21.09.2026,-480,PC,PF PLATINE ELECTRONIQUE REF 12,BARFLOW_TA11
1000334130,TA11,EXP2,311,TR transf. dans div.,,4901254624,21.09.2026,480,PC,PF PLATINE ELECTRONIQUE REF 12,BARFLOW_TA11
1000435003,TA11,EXP2,311,TR transf. dans div.,,4901254637,21.09.2026,-120,PC,PF CAPTEUR TEMPERATURE REF 17,OPEXP02
1000435003,TA11,EMRT,311,TR transf. dans div.,,4901254637,21.09.2026,120,PC,PF CAPTEUR TEMPERATURE REF 17,OPEXP02
1000910625,TA11,PRD2,311,TR transf. dans div.,,4901254639,21.09.2026,-72,PC,PF ECROU PLASTIQUE M8 REF 29,BARFLOW_TA11
1000910625,TA11,EXP2,311,TR transf. dans div.,,4901254639,21.09.2026,72,PC,PF ECROU PLASTIQUE M8 REF 29,BARFLOW_TA11
1000334130,TA11,PRD2,311,TR transf. dans div.,,4901254640,21.09.2026,-480,PC,PF PLATINE ELECTRONIQUE REF 12,OPEXP01
1000334130,TA11,EXP2,311,TR transf. dans div.,,4901254640,21.09.2026,480,PC,PF PLATINE ELECTRONIQUE REF 12,OPEXP01
1000812390,TA11,EXP2,311,TR transf. dans div.,,4901254645,21.09.2026,-48,PC,PF CACHE MOTEUR REF 20,CHEFQUAI1
1000812390,TA11,EMRT,311,TR transf. dans div.,,4901254645,21.09.2026,48,PC,PF CACHE MOTEUR REF 20,CHEFQUAI1
1000910625,TA11,PRD2,311,TR transf. dans div.,,4901254648,21.09.2026,-72,PC,PF ECROU PLASTIQUE M8 REF 29,BARFLOW_TA11
1000910625,TA11,EXP2,311,TR transf. dans div.,,4901254648,21.09.2026,72,PC,PF ECROU PLASTIQUE M8 REF 29,BARFLOW_TA11
1000334130,TA11,PRD2,311,TR transf. dans div.,,4901254649,21.09.2026,-480,PC,PF PLATINE ELECTRONIQUE REF 12,BARFLOW_TA11
1000334130,TA11,EXP2,311,TR transf. dans div.,,4901254649,21.09.2026,480,PC,PF PLATINE ELECTRONIQUE REF 12,BARFLOW_TA11
1000334130,TA11,PRD2,311,TR transf. dans div.,,4901254651,21.09.2026,-480,PC,PF PLATINE ELECTRONIQUE REF 12,BARFLOW_TA11
1000334130,TA11,EXP2,311,TR transf. dans div.,,4901254651,21.09.2026,480,PC,PF PLATINE ELECTRONIQUE REF 12,BARFLOW_TA11
1000334130,TA11,PRD2,311,TR transf. dans div.,,4901254654,21.09.2026,-480,PC,PF PLATINE ELECTRONIQUE REF 12,BARFLOW_TA11
1000334130,TA11,EXP2,311,TR transf. dans div.,,4901254654,21.09.2026,480,PC,PF PLATINE ELECTRONIQUE REF 12,BARFLOW_TA11
1000334130,TA11,PRD2,311,TR transf. dans div.,,4901254656,21.09.2026,-480,PC,PF PLATINE ELECTRONIQUE REF 12,OPEXP01
1000334130,TA11,EXP2,311,TR transf. dans div.,,4901254656,21.09.2026,480,PC,PF PLATINE ELECTRONIQUE REF 12,OPEXP01
1000334130,TA11,PRD2,311,TR transf. dans div.,,4901254659,21.09.2026,-480,PC,PF PLATINE ELECTRONIQUE REF 12,BARFLOW_TA11
1000334130,TA11,EXP2,311,TR transf. dans div.,,4901254659,21.09.2026,480,PC,PF PLATINE ELECTRONIQUE REF 12,BARFLOW_TA11
1000910625,TA11,PRD2,311,TR transf. dans div.,,4901254662,21.09.2026,-72,PC,PF ECROU PLASTIQUE M8 REF 29,BARFLOW_TA11
1000910625,TA11,EXP2,311,TR transf. dans div.,,4901254662,21.09.2026,72,PC,PF ECROU PLASTIQUE M8 REF 29,BARFLOW_TA11
1000910625,TA11,PRD2,311,TR transf. dans div.,,4901254665,21.09.2026,-72,PC,PF ECROU PLASTIQUE M8 REF 29,BARFLOW_TA11
1000910625,TA11,EXP2,311,TR transf. dans div.,,4901254665,21.09.2026,72,PC,PF ECROU PLASTIQUE M8 REF 29,BARFLOW_TA11
1000334130,TA11,PRD2,311,TR transf. dans div.,,4901254667,21.09.2026,-480,PC,PF PLATINE ELECTRONIQUE REF 12,BARFLOW_TA11
1000334130,TA11,EXP2,311,TR transf. dans div.,,4901254667,21.09.2026,480,PC,PF PLATINE ELECTRONIQUE REF 12,BARFLOW_TA11
1000334130,TA11,PRD2,311,TR transf. dans div.,,4901254668,21.09.2026,-480,PC,PF PLATINE ELECTRONIQUE REF 12,BARFLOW_TA11
1000334130,TA11,EXP2,311,TR transf. dans div.,,4901254668,21.09.2026,480,PC,PF PLATINE ELECTRONIQUE REF 12,BARFLOW_TA11
1000700381,TA11,PRD2,311,TR transf. dans div.,,4901254672,21.09.2026,-72,PC,PF BOITIER FUSIBLES REF 11,BARFLOW_TA11
1000700381,TA11,EXP2,311,TR transf. dans div.,,4901254672,21.09.2026,72,PC,PF BOITIER FUSIBLES REF 11,BARFLOW_TA11
1000334130,TA11,PRD2,311,TR transf. dans div.,,4901254676,21.09.2026,-480,PC,PF PLATINE ELECTRONIQUE REF 12,OPEXP03
1000334130,TA11,EXP2,311,TR transf. dans div.,,4901254676,21.09.2026,480,PC,PF PLATINE ELECTRONIQUE REF 12,OPEXP03
1000334130,TA11,PRD2,311,TR transf. dans div.,,4901254678,21.09.2026,-480,PC,PF PLATINE ELECTRONIQUE REF 12,OPEXP03
1000334130,TA11,EXP2,311,TR transf. dans div.,,4901254678,21.09.2026,480,PC,PF PLATINE ELECTRONIQUE REF 12,OPEXP03
1000905427,TA11,PRD2,311,TR transf. dans div.,,4901254682,21.09.2026,-72,PC,PF PANNEAU PORTE GAUCHE REF 21,BARFLOW_TA11
1000905427,TA11,EXP2,311,TR transf. dans div.,,4901254682,21.09.2026,72,PC,PF PANNEAU PORTE GAUCHE REF 21,BARFLOW_TA11
1000905427,TA11,PRD2,311,TR transf. dans div.,,4901254687,21.09.2026,-72,PC,PF PANNEAU PORTE GAUCHE REF 21,BARFLOW_TA11
1000905427,TA11,EXP2,311,TR transf. dans div.,,4901254687,21.09.2026,72,PC,PF PANNEAU PORTE GAUCHE REF 21,BARFLOW_TA11
1000905427,TA11,PRD2,311,TR transf. dans div.,,4901254690,21.09.2026,-72,PC,PF PANNEAU PORTE GAUCHE REF 21,BARFLOW_TA11
1000905427,TA11,EXP2,311,TR transf. dans div.,,4901254690,21.09.2026,72,PC,PF PANNEAU PORTE GAUCHE REF 21,BARFLOW_TA11
1000905427,TA11,PRD2,311,TR transf. dans div.,,4901254692,21.09.2026,-72,PC,PF PANNEAU PORTE GAUCHE REF 21,BARFLOW_TA11
1000905427,TA11,EXP2,311,TR transf. dans div.,,4901254692,21.09.2026,72,PC,PF PANNEAU PORTE GAUCHE REF 21,BARFLOW_TA11
1000905427,TA11,PRD2,311,TR transf. dans div.,,4901254697,21.09.2026,-72,PC,PF PANNEAU PORTE GAUCHE REF 21,OPEXP01
1000905427,TA11,EXP2,311,TR transf. dans div.,,4901254697,21.09.2026,72,PC,PF PANNEAU PORTE GAUCHE REF 21,OPEXP01
1000905427,TA11,PRD2,311,TR transf. dans div.,,4901254699,21.09.2026,-72,PC,PF PANNEAU PORTE GAUCHE REF 21,BARFLOW_TA11
1000905427,TA11,EXP2,311,TR transf. dans div.,,4901254699,21.09.2026,72,PC,PF PANNEAU PORTE GAUCHE REF 21,BARFLOW_TA11
1000715011,TA11,PRD2,311,TR transf. dans div.,,4901254700,21.09.2026,-750,KG,PF POUDRE EPOXY SAC 20KG,BARFLOW_TA11
1000715011,TA11,EXP2,311,TR transf. dans div.,,4901254700,21.09.2026,750,KG,PF POUDRE EPOXY SAC 20KG,BARFLOW_TA11
1000715011,TA11,PRD2,311,TR transf. dans div.,,4901254702,21.09.2026,-750,KG,PF POUDRE EPOXY SAC 20KG,BARFLOW_TA11
1000715011,TA11,EXP2,311,TR transf. dans div.,,4901254702,21.09.2026,750,KG,PF POUDRE EPOXY SAC 20KG,BARFLOW_TA11
1000715011,TA11,PRD2,311,TR transf. dans div.,,4901254713,22.09.2026,-750,KG,PF POUDRE EPOXY SAC 20KG,BARFLOW_TA11
1000715011,TA11,EXP2,311,TR transf. dans div.,,4901254713,22.09.2026,750,KG,PF POUDRE EPOXY SAC 20KG,BARFLOW_TA11
1000202814,TA11,PRD2,311,TR transf. dans div.,,4901254716,22.09.2026,-144,PC,PF CARTER PROTECTION NOIR REF 06,BARFLOW_TA11
1000202814,TA11,EXP2,311,TR transf. dans div.,,4901254716,22.09.2026,144,PC,PF CARTER PROTECTION NOIR REF 06,BARFLOW_TA11
1000202814,TA11,PRD2,311,TR transf. dans div.,,4901254734,22.09.2026,-144,PC,PF CARTER PROTECTION NOIR REF 06,BARFLOW_TA11
1000202814,TA11,EXP2,311,TR transf. dans div.,,4901254734,22.09.2026,144,PC,PF CARTER PROTECTION NOIR REF 06,BARFLOW_TA11
1000541046,TA11,PRD2,311,TR transf. dans div.,,4901254742,22.09.2026,-144,PC,PF CLIP FIXATION X100 REF 30,BARFLOW_TA11
1000541046,TA11,EXP2,311,TR transf. dans div.,,4901254742,22.09.2026,144,PC,PF CLIP FIXATION X100 REF 30,BARFLOW_TA11
1000866025,TA11,PRD2,311,TR transf. dans div.,,4901254751,22.09.2026,-144,PC,PF GAINE ELECTRIQUE 25MM REF 25,BARFLOW_TA11
1000866025,TA11,EXP2,311,TR transf. dans div.,,4901254751,22.09.2026,144,PC,PF GAINE ELECTRIQUE 25MM REF 25,BARFLOW_TA11
1000202814,TA11,PRD2,311,TR transf. dans div.,,4901254753,22.09.2026,-144,PC,PF CARTER PROTECTION NOIR REF 06,BARFLOW_TA11
1000202814,TA11,EXP2,311,TR transf. dans div.,,4901254753,22.09.2026,144,PC,PF CARTER PROTECTION NOIR REF 06,BARFLOW_TA11
1000541046,TA11,PRD2,311,TR transf. dans div.,,4901254755,22.09.2026,-144,PC,PF CLIP FIXATION X100 REF 30,BARFLOW_TA11
1000541046,TA11,EXP2,311,TR transf. dans div.,,4901254755,22.09.2026,144,PC,PF CLIP FIXATION X100 REF 30,BARFLOW_TA11
1000818461,TA11,PRD2,311,TR transf. dans div.,,4901254757,22.09.2026,-36,PC,PF CONSOLE CENTRALE REF 24,BARFLOW_TA11
1000818461,TA11,EXP2,311,TR transf. dans div.,,4901254757,22.09.2026,36,PC,PF CONSOLE CENTRALE REF 24,BARFLOW_TA11
1000818461,TA11,PRD2,311,TR transf. dans div.,,4901254760,22.09.2026,-36,PC,PF CONSOLE CENTRALE REF 24,BARFLOW_TA11
1000818461,TA11,EXP2,311,TR transf. dans div.,,4901254760,22.09.2026,36,PC,PF CONSOLE CENTRALE REF 24,BARFLOW_TA11
1000541046,TA11,PRD2,311,TR transf. dans div.,,4901254763,22.09.2026,-144,PC,PF CLIP FIXATION X100 REF 30,BARFLOW_TA11
1000541046,TA11,EXP2,311,TR transf. dans div.,,4901254763,22.09.2026,144,PC,PF CLIP FIXATION X100 REF 30,BARFLOW_TA11
1000866025,TA11,PRD2,311,TR transf. dans div.,,4901254765,22.09.2026,-144,PC,PF GAINE ELECTRIQUE 25MM REF 25,BARFLOW_TA11
1000866025,TA11,EXP2,311,TR transf. dans div.,,4901254765,22.09.2026,144,PC,PF GAINE ELECTRIQUE 25MM REF 25,BARFLOW_TA11
1000202814,TA11,PRD2,311,TR transf. dans div.,,4901254767,22.09.2026,-144,PC,PF CARTER PROTECTION NOIR REF 06,BARFLOW_TA11
1000202814,TA11,EXP2,311,TR transf. dans div.,,4901254767,22.09.2026,144,PC,PF CARTER PROTECTION NOIR REF 06,BARFLOW_TA11
1000541046,TA11,PRD2,311,TR transf. dans div.,,4901254773,22.09.2026,-144,PC,PF CLIP FIXATION X100 REF 30,BARFLOW_TA11
1000541046,TA11,EXP2,311,TR transf. dans div.,,4901254773,22.09.2026,144,PC,PF CLIP FIXATION X100 REF 30,BARFLOW_TA11
1000541046,TA11,PRD2,311,TR transf. dans div.,,4901254774,22.09.2026,-144,PC,PF CLIP FIXATION X100 REF 30,BARFLOW_TA11
1000541046,TA11,EXP2,311,TR transf. dans div.,,4901254774,22.09.2026,144,PC,PF CLIP FIXATION X100 REF 30,BARFLOW_TA11
1000910625,TA11,PRD2,311,TR transf. dans div.,,4901254775,22.09.2026,-72,PC,PF ECROU PLASTIQUE M8 REF 29,BARFLOW_TA11
1000910625,TA11,EXP2,311,TR transf. dans div.,,4901254775,22.09.2026,72,PC,PF ECROU PLASTIQUE M8 REF 29,BARFLOW_TA11
1000541046,TA11,PRD2,311,TR transf. dans div.,,4901254778,22.09.2026,-144,PC,PF CLIP FIXATION X100 REF 30,BARFLOW_TA11
1000541046,TA11,EXP2,311,TR transf. dans div.,,4901254778,22.09.2026,144,PC,PF CLIP FIXATION X100 REF 30,BARFLOW_TA11
1000700381,TA11,PRD2,311,TR transf. dans div.,,4901254779,22.09.2026,-72,PC,PF BOITIER FUSIBLES REF 11,BARFLOW_TA11
1000700381,TA11,EXP2,311,TR transf. dans div.,,4901254779,22.09.2026,72,PC,PF BOITIER FUSIBLES REF 11,BARFLOW_TA11
1000866025,TA11,EMRT,311,TR transf. dans div.,,4901254780,22.09.2026,-432,PC,PF GAINE ELECTRIQUE 25MM REF 25,CHEFQUAI1
1000866025,TA11,EXP2,311,TR transf. dans div.,,4901254780,22.09.2026,432,PC,PF GAINE ELECTRIQUE 25MM REF 25,CHEFQUAI1
1000866025,TA11,PRD2,311,TR transf. dans div.,,4901254782,22.09.2026,-144,PC,PF GAINE ELECTRIQUE 25MM REF 25,BARFLOW_TA11
1000866025,TA11,EXP2,311,TR transf. dans div.,,4901254782,22.09.2026,144,PC,PF GAINE ELECTRIQUE 25MM REF 25,BARFLOW_TA11
1000541046,TA11,PRD2,311,TR transf. dans div.,,4901254784,22.09.2026,-144,PC,PF CLIP FIXATION X100 REF 30,BARFLOW_TA11
1000541046,TA11,EXP2,311,TR transf. dans div.,,4901254784,22.09.2026,144,PC,PF CLIP FIXATION X100 REF 30,BARFLOW_TA11
1000983322,TA11,EXP2,311,TR transf. dans div.,,4901254788,22.09.2026,-288,PC,PF POIGNEE PORTE CHROME REF 09,OPEXP02
1000983322,TA11,EMRT,311,TR transf. dans div.,,4901254788,22.09.2026,288,PC,PF POIGNEE PORTE CHROME REF 09,OPEXP02
1000778636,TA11,EXP2,311,TR transf. dans div.,,4901254795,22.09.2026,-288,PC,PF GRILLE AERATION BLANCHE REF 08,OPEXP01
1000778636,TA11,EMRT,311,TR transf. dans div.,,4901254795,22.09.2026,288,PC,PF GRILLE AERATION BLANCHE REF 08,OPEXP01
1000914295,TA11,PRD2,311,TR transf. dans div.,,4901254802,22.09.2026,-320,PC,PF CONNECTEUR 4 VOIES REF 04,BARFLOW_TA11
1000914295,TA11,EXP2,311,TR transf. dans div.,,4901254802,22.09.2026,320,PC,PF CONNECTEUR 4 VOIES REF 04,BARFLOW_TA11
1000202814,TA11,PRD2,311,TR transf. dans div.,,4901254810,22.09.2026,-144,PC,PF CARTER PROTECTION NOIR REF 06,BARFLOW_TA11
1000202814,TA11,EXP2,311,TR transf. dans div.,,4901254810,22.09.2026,144,PC,PF CARTER PROTECTION NOIR REF 06,BARFLOW_TA11
1000778636,TA11,EMRT,311,TR transf. dans div.,,4901254813,22.09.2026,-144,PC,PF GRILLE AERATION BLANCHE REF 08,OPEXP01
1000778636,TA11,EXP2,311,TR transf. dans div.,,4901254813,22.09.2026,144,PC,PF GRILLE AERATION BLANCHE REF 08,OPEXP01
1000516512,TA11,PRD2,311,TR transf. dans div.,,4901254826,22.09.2026,-320,PC,PF SUPPORT PARE-CHOC REF 19,BARFLOW_TA11
1000516512,TA11,EXP2,311,TR transf. dans div.,,4901254826,22.09.2026,320,PC,PF SUPPORT PARE-CHOC REF 19,BARFLOW_TA11
1000112046,TA11,PRD2,311,TR transf. dans div.,,4901254827,22.09.2026,-144,PC,PF ENJOLIVEUR LATERAL REF 14,BARFLOW_TA11
1000112046,TA11,EXP2,311,TR transf. dans div.,,4901254827,22.09.2026,144,PC,PF ENJOLIVEUR LATERAL REF 14,BARFLOW_TA11
1000112046,TA11,PRD2,311,TR transf. dans div.,,4901254848,22.09.2026,-144,PC,PF ENJOLIVEUR LATERAL REF 14,BARFLOW_TA11
1000112046,TA11,EXP2,311,TR transf. dans div.,,4901254848,22.09.2026,144,PC,PF ENJOLIVEUR LATERAL REF 14,BARFLOW_TA11
1000112046,TA11,PRD2,311,TR transf. dans div.,,4901254850,22.09.2026,-144,PC,PF ENJOLIVEUR LATERAL REF 14,BARFLOW_TA11
1000112046,TA11,EXP2,311,TR transf. dans div.,,4901254850,22.09.2026,144,PC,PF ENJOLIVEUR LATERAL REF 14,BARFLOW_TA11
1000516512,TA11,PRD2,311,TR transf. dans div.,,4901254854,22.09.2026,-320,PC,PF SUPPORT PARE-CHOC REF 19,BARFLOW_TA11
1000516512,TA11,EXP2,311,TR transf. dans div.,,4901254854,22.09.2026,320,PC,PF SUPPORT PARE-CHOC REF 19,BARFLOW_TA11
1000516512,TA11,PRD2,311,TR transf. dans div.,,4901254855,22.09.2026,-320,PC,PF SUPPORT PARE-CHOC REF 19,BARFLOW_TA11
1000516512,TA11,EXP2,311,TR transf. dans div.,,4901254855,22.09.2026,320,PC,PF SUPPORT PARE-CHOC REF 19,BARFLOW_TA11
1000910625,TA11,PRD2,311,TR transf. dans div.,,4901254858,22.09.2026,-72,PC,PF ECROU PLASTIQUE M8 REF 29,OPEXP02
1000910625,TA11,EXP2,311,TR transf. dans div.,,4901254858,22.09.2026,72,PC,PF ECROU PLASTIQUE M8 REF 29,OPEXP02
1000516512,TA11,PRD2,311,TR transf. dans div.,,4901254861,22.09.2026,-320,PC,PF SUPPORT PARE-CHOC REF 19,BARFLOW_TA11
1000516512,TA11,EXP2,311,TR transf. dans div.,,4901254861,22.09.2026,320,PC,PF SUPPORT PARE-CHOC REF 19,BARFLOW_TA11
1000516512,TA11,PRD2,311,TR transf. dans div.,,4901254865,22.09.2026,-320,PC,PF SUPPORT PARE-CHOC REF 19,BARFLOW_TA11
1000516512,TA11,EXP2,311,TR transf. dans div.,,4901254865,22.09.2026,320,PC,PF SUPPORT PARE-CHOC REF 19,BARFLOW_TA11
1000887507,TA11,PRD2,311,TR transf. dans div.,,4901254868,22.09.2026,-600,KG,PF COMPOUND ABS VRAC OCTABIN,BARFLOW_TA11
1000887507,TA11,EXP2,311,TR transf. dans div.,,4901254868,22.09.2026,600,KG,PF COMPOUND ABS VRAC OCTABIN,BARFLOW_TA11
1000910625,TA11,PRD2,311,TR transf. dans div.,,4901254871,22.09.2026,-72,PC,PF ECROU PLASTIQUE M8 REF 29,BARFLOW_TA11
1000910625,TA11,EXP2,311,TR transf. dans div.,,4901254871,22.09.2026,72,PC,PF ECROU PLASTIQUE M8 REF 29,BARFLOW_TA11
1000887507,TA11,PRD2,311,TR transf. dans div.,,4901254874,22.09.2026,-600,KG,PF COMPOUND ABS VRAC OCTABIN,BARFLOW_TA11
1000887507,TA11,EXP2,311,TR transf. dans div.,,4901254874,22.09.2026,600,KG,PF COMPOUND ABS VRAC OCTABIN,BARFLOW_TA11
1000887507,TA11,PRD2,311,TR transf. dans div.,,4901254875,22.09.2026,-600,KG,PF COMPOUND ABS VRAC OCTABIN,BARFLOW_TA11
1000887507,TA11,EXP2,311,TR transf. dans div.,,4901254875,22.09.2026,600,KG,PF COMPOUND ABS VRAC OCTABIN,BARFLOW_TA11
1000887507,TA11,PRD2,311,TR transf. dans div.,,4901254876,22.09.2026,-600,KG,PF COMPOUND ABS VRAC OCTABIN,BARFLOW_TA11
1000887507,TA11,EXP2,311,TR transf. dans div.,,4901254876,22.09.2026,600,KG,PF COMPOUND ABS VRAC OCTABIN,BARFLOW_TA11
1000910625,TA11,PRD2,311,TR transf. dans div.,,4901254877,22.09.2026,-72,PC,PF ECROU PLASTIQUE M8 REF 29,BARFLOW_TA11
1000910625,TA11,EXP2,311,TR transf. dans div.,,4901254877,22.09.2026,72,PC,PF ECROU PLASTIQUE M8 REF 29,BARFLOW_TA11
1000910625,TA11,PRD2,311,TR transf. dans div.,,4901254883,22.09.2026,-72,PC,PF ECROU PLASTIQUE M8 REF 29,OPEXP01
1000910625,TA11,EXP2,311,TR transf. dans div.,,4901254883,22.09.2026,72,PC,PF ECROU PLASTIQUE M8 REF 29,OPEXP01
1000910625,TA11,PRD2,311,TR transf. dans div.,,4901254885,22.09.2026,-72,PC,PF ECROU PLASTIQUE M8 REF 29,BARFLOW_TA11
1000910625,TA11,EXP2,311,TR transf. dans div.,,4901254885,22.09.2026,72,PC,PF ECROU PLASTIQUE M8 REF 29,BARFLOW_TA11
1000910625,TA11,PRD2,311,TR transf. dans div.,,4901254890,22.09.2026,-72,PC,PF ECROU PLASTIQUE M8 REF 29,BARFLOW_TA11
1000910625,TA11,EXP2,311,TR transf. dans div.,,4901254890,22.09.2026,72,PC,PF ECROU PLASTIQUE M8 REF 29,BARFLOW_TA11
1000910625,TA11,PRD2,311,TR transf. dans div.,,4901254892,22.09.2026,-72,PC,PF ECROU PLASTIQUE M8 REF 29,OPEXP02
1000910625,TA11,EXP2,311,TR transf. dans div.,,4901254892,22.09.2026,72,PC,PF ECROU PLASTIQUE M8 REF 29,OPEXP02
1000887507,TA11,PRD2,311,TR transf. dans div.,,4901254893,22.09.2026,-600,KG,PF COMPOUND ABS VRAC OCTABIN,BARFLOW_TA11
1000887507,TA11,EXP2,311,TR transf. dans div.,,4901254893,22.09.2026,600,KG,PF COMPOUND ABS VRAC OCTABIN,BARFLOW_TA11
1000910625,TA11,PRD2,311,TR transf. dans div.,,4901254895,22.09.2026,-72,PC,PF ECROU PLASTIQUE M8 REF 29,BARFLOW_TA11
1000910625,TA11,EXP2,311,TR transf. dans div.,,4901254895,22.09.2026,72,PC,PF ECROU PLASTIQUE M8 REF 29,BARFLOW_TA11
1000910625,TA11,PRD2,311,TR transf. dans div.,,4901254914,22.09.2026,-72,PC,PF ECROU PLASTIQUE M8 REF 29,BARFLOW_TA11
1000910625,TA11,EXP2,311,TR transf. dans div.,,4901254914,22.09.2026,72,PC,PF ECROU PLASTIQUE M8 REF 29,BARFLOW_TA11
1000216115,TA11,PRD2,311,TR transf. dans div.,,4901254922,22.09.2026,-480,PC,PF PLAQUE INSONORISANTE REF 33,BARFLOW_TA11
1000216115,TA11,EXP2,311,TR transf. dans div.,,4901254922,22.09.2026,480,PC,PF PLAQUE INSONORISANTE REF 33,BARFLOW_TA11
1000216115,TA11,PRD2,311,TR transf. dans div.,,4901254927,22.09.2026,-480,PC,PF PLAQUE INSONORISANTE REF 33,BARFLOW_TA11
1000216115,TA11,EXP2,311,TR transf. dans div.,,4901254927,22.09.2026,480,PC,PF PLAQUE INSONORISANTE REF 33,BARFLOW_TA11
1000216115,TA11,EXP2,311,TR transf. dans div.,,4901254931,22.09.2026,-1440,PC,PF PLAQUE INSONORISANTE REF 33,OPEXP03
1000216115,TA11,EMRT,311,TR transf. dans div.,,4901254931,22.09.2026,1440,PC,PF PLAQUE INSONORISANTE REF 33,OPEXP03
1000730226,TA11,PRD2,311,TR transf. dans div.,,4901254936,22.09.2026,-24,PC,PF CAPOT MOTEUR GRIS REF 02,BARFLOW_TA11
1000730226,TA11,EXP2,311,TR transf. dans div.,,4901254936,22.09.2026,24,PC,PF CAPOT MOTEUR GRIS REF 02,BARFLOW_TA11
1000216115,TA11,PRD2,311,TR transf. dans div.,,4901254940,22.09.2026,-480,PC,PF PLAQUE INSONORISANTE REF 33,BARFLOW_TA11
1000216115,TA11,EXP2,311,TR transf. dans div.,,4901254940,22.09.2026,480,PC,PF PLAQUE INSONORISANTE REF 33,BARFLOW_TA11
1000216115,TA11,PRD2,311,TR transf. dans div.,,4901254941,22.09.2026,-480,PC,PF PLAQUE INSONORISANTE REF 33,BARFLOW_TA11
1000216115,TA11,EXP2,311,TR transf. dans div.,,4901254941,22.09.2026,480,PC,PF PLAQUE INSONORISANTE REF 33,BARFLOW_TA11
1000216115,TA11,PRD2,311,TR transf. dans div.,,4901254944,22.09.2026,-480,PC,PF PLAQUE INSONORISANTE REF 33,BARFLOW_TA11
1000216115,TA11,EXP2,311,TR transf. dans div.,,4901254944,22.09.2026,480,PC,PF PLAQUE INSONORISANTE REF 33,BARFLOW_TA11
1000216115,TA11,PRD2,311,TR transf. dans div.,,4901254946,22.09.2026,-480,PC,PF PLAQUE INSONORISANTE REF 33,BARFLOW_TA11
1000216115,TA11,EXP2,311,TR transf. dans div.,,4901254946,22.09.2026,480,PC,PF PLAQUE INSONORISANTE REF 33,BARFLOW_TA11
1000730226,TA11,PRD2,311,TR transf. dans div.,,4901254952,22.09.2026,-24,PC,PF CAPOT MOTEUR GRIS REF 02,BARFLOW_TA11
1000730226,TA11,EXP2,311,TR transf. dans div.,,4901254952,22.09.2026,24,PC,PF CAPOT MOTEUR GRIS REF 02,BARFLOW_TA11
1000730226,TA11,PRD2,311,TR transf. dans div.,,4901254953,22.09.2026,-24,PC,PF CAPOT MOTEUR GRIS REF 02,BARFLOW_TA11
1000730226,TA11,EXP2,311,TR transf. dans div.,,4901254953,22.09.2026,24,PC,PF CAPOT MOTEUR GRIS REF 02,BARFLOW_TA11
1000730226,TA11,PRD2,311,TR transf. dans div.,,4901254956,22.09.2026,-24,PC,PF CAPOT MOTEUR GRIS REF 02,BARFLOW_TA11
1000730226,TA11,EXP2,311,TR transf. dans div.,,4901254956,22.09.2026,24,PC,PF CAPOT MOTEUR GRIS REF 02,BARFLOW_TA11
1000216115,TA11,PRD2,311,TR transf. dans div.,,4901254962,22.09.2026,-480,PC,PF PLAQUE INSONORISANTE REF 33,BARFLOW_TA11
1000216115,TA11,EXP2,311,TR transf. dans div.,,4901254962,22.09.2026,480,PC,PF PLAQUE INSONORISANTE REF 33,BARFLOW_TA11
1000751673,TA11,PRD2,311,TR transf. dans div.,,4901254968,22.09.2026,-200,PC,PF BOUCHON RESERVOIR REF 07,OPEXP02
1000751673,TA11,EXP2,311,TR transf. dans div.,,4901254968,22.09.2026,200,PC,PF BOUCHON RESERVOIR REF 07,OPEXP02
1000614102,TA11,PRD2,311,TR transf. dans div.,,4901254971,22.09.2026,-48,PC,PF SUPPORT FIXATION ACIER REF 03,BARFLOW_TA11
1000614102,TA11,EXP2,311,TR transf. dans div.,,4901254971,22.09.2026,48,PC,PF SUPPORT FIXATION ACIER REF 03,BARFLOW_TA11
1000700381,TA11,PRD2,311,TR transf. dans div.,,4901254974,22.09.2026,-72,PC,PF BOITIER FUSIBLES REF 11,BARFLOW_TA11
1000700381,TA11,EXP2,311,TR transf. dans div.,,4901254974,22.09.2026,72,PC,PF BOITIER FUSIBLES REF 11,BARFLOW_TA11
1000730226,TA11,PRD2,311,TR transf. dans div.,,4901254977,22.09.2026,-24,PC,PF CAPOT MOTEUR GRIS REF 02,BARFLOW_TA11
1000730226,TA11,EXP2,311,TR transf. dans div.,,4901254977,22.09.2026,24,PC,PF CAPOT MOTEUR GRIS REF 02,BARFLOW_TA11
1000730226,TA11,PRD2,311,TR transf. dans div.,,4901254978,22.09.2026,-24,PC,PF CAPOT MOTEUR GRIS REF 02,BARFLOW_TA11
1000730226,TA11,EXP2,311,TR transf. dans div.,,4901254978,22.09.2026,24,PC,PF CAPOT MOTEUR GRIS REF 02,BARFLOW_TA11
1000614102,TA11,PRD2,311,TR transf. dans div.,,4901254983,22.09.2026,-48,PC,PF SUPPORT FIXATION ACIER REF 03,BARFLOW_TA11
1000614102,TA11,EXP2,311,TR transf. dans div.,,4901254983,22.09.2026,48,PC,PF SUPPORT FIXATION ACIER REF 03,BARFLOW_TA11
1000614102,TA11,PRD2,311,TR transf. dans div.,,4901254986,22.09.2026,-48,PC,PF SUPPORT FIXATION ACIER REF 03,BARFLOW_TA11
1000614102,TA11,EXP2,311,TR transf. dans div.,,4901254986,22.09.2026,48,PC,PF SUPPORT FIXATION ACIER REF 03,BARFLOW_TA11
1000112046,TA11,PRD2,311,TR transf. dans div.,,4901254990,23.09.2026,-144,PC,PF ENJOLIVEUR LATERAL REF 14,BARFLOW_TA11
1000112046,TA11,EXP2,311,TR transf. dans div.,,4901254990,23.09.2026,144,PC,PF ENJOLIVEUR LATERAL REF 14,BARFLOW_TA11
1000112046,TA11,PRD2,311,TR transf. dans div.,,4901254993,23.09.2026,-144,PC,PF ENJOLIVEUR LATERAL REF 14,BARFLOW_TA11
1000112046,TA11,EXP2,311,TR transf. dans div.,,4901254993,23.09.2026,144,PC,PF ENJOLIVEUR LATERAL REF 14,BARFLOW_TA11
1000700381,TA11,PRD2,311,TR transf. dans div.,,4901254994,23.09.2026,-72,PC,PF BOITIER FUSIBLES REF 11,BARFLOW_TA11
1000700381,TA11,EXP2,311,TR transf. dans div.,,4901254994,23.09.2026,72,PC,PF BOITIER FUSIBLES REF 11,BARFLOW_TA11
1000730226,TA11,PRD2,311,TR transf. dans div.,,4901254996,23.09.2026,-24,PC,PF CAPOT MOTEUR GRIS REF 02,BARFLOW_TA11
1000730226,TA11,EXP2,311,TR transf. dans div.,,4901254996,23.09.2026,24,PC,PF CAPOT MOTEUR GRIS REF 02,BARFLOW_TA11
1000700381,TA11,PRD2,311,TR transf. dans div.,,4901254998,23.09.2026,-72,PC,PF BOITIER FUSIBLES REF 11,BARFLOW_TA11
1000700381,TA11,EXP2,311,TR transf. dans div.,,4901254998,23.09.2026,72,PC,PF BOITIER FUSIBLES REF 11,BARFLOW_TA11
1000751673,TA11,PRD2,311,TR transf. dans div.,,4901255003,23.09.2026,-200,PC,PF BOUCHON RESERVOIR REF 07,OPEXP01
1000751673,TA11,EXP2,311,TR transf. dans div.,,4901255003,23.09.2026,200,PC,PF BOUCHON RESERVOIR REF 07,OPEXP01
1000910625,TA11,PRD2,311,TR transf. dans div.,,4901255006,23.09.2026,-72,PC,PF ECROU PLASTIQUE M8 REF 29,BARFLOW_TA11
1000910625,TA11,EXP2,311,TR transf. dans div.,,4901255006,23.09.2026,72,PC,PF ECROU PLASTIQUE M8 REF 29,BARFLOW_TA11
1000202814,TA11,PRD2,311,TR transf. dans div.,,4901255008,23.09.2026,-144,PC,PF CARTER PROTECTION NOIR REF 06,BARFLOW_TA11
1000202814,TA11,EXP2,311,TR transf. dans div.,,4901255008,23.09.2026,144,PC,PF CARTER PROTECTION NOIR REF 06,BARFLOW_TA11
1000751673,TA11,PRD2,311,TR transf. dans div.,,4901255010,23.09.2026,-200,PC,PF BOUCHON RESERVOIR REF 07,BARFLOW_TA11
1000751673,TA11,EXP2,311,TR transf. dans div.,,4901255010,23.09.2026,200,PC,PF BOUCHON RESERVOIR REF 07,BARFLOW_TA11
1000700381,TA11,PRD2,311,TR transf. dans div.,,4901255019,23.09.2026,-72,PC,PF BOITIER FUSIBLES REF 11,BARFLOW_TA11
1000700381,TA11,EXP2,311,TR transf. dans div.,,4901255019,23.09.2026,72,PC,PF BOITIER FUSIBLES REF 11,BARFLOW_TA11
1000112046,TA11,PRD2,311,TR transf. dans div.,,4901255021,23.09.2026,-144,PC,PF ENJOLIVEUR LATERAL REF 14,BARFLOW_TA11
1000112046,TA11,EXP2,311,TR transf. dans div.,,4901255021,23.09.2026,144,PC,PF ENJOLIVEUR LATERAL REF 14,BARFLOW_TA11
1000541046,TA11,PRD2,311,TR transf. dans div.,,4901255023,23.09.2026,-144,PC,PF CLIP FIXATION X100 REF 30,OPEXP01
1000541046,TA11,EXP2,311,TR transf. dans div.,,4901255023,23.09.2026,144,PC,PF CLIP FIXATION X100 REF 30,OPEXP01
1000112046,TA11,PRD2,311,TR transf. dans div.,,4901255028,23.09.2026,-144,PC,PF ENJOLIVEUR LATERAL REF 14,BARFLOW_TA11
1000112046,TA11,EXP2,311,TR transf. dans div.,,4901255028,23.09.2026,144,PC,PF ENJOLIVEUR LATERAL REF 14,BARFLOW_TA11
1000207622,TA11,PRD2,311,TR transf. dans div.,,4901255045,23.09.2026,-400,KG,PF GRANULE PE NOIR BIG BAG,BARFLOW_TA11
1000207622,TA11,EXP2,311,TR transf. dans div.,,4901255045,23.09.2026,400,KG,PF GRANULE PE NOIR BIG BAG,BARFLOW_TA11
1000614102,TA11,PRD2,311,TR transf. dans div.,,4901255048,23.09.2026,-48,PC,PF SUPPORT FIXATION ACIER REF 03,BARFLOW_TA11
1000614102,TA11,EXP2,311,TR transf. dans div.,,4901255048,23.09.2026,48,PC,PF SUPPORT FIXATION ACIER REF 03,BARFLOW_TA11
1000202814,TA11,EMRT,311,TR transf. dans div.,,4901255051,23.09.2026,-144,PC,PF CARTER PROTECTION NOIR REF 06,OPEXP03
1000202814,TA11,EXP2,311,TR transf. dans div.,,4901255051,23.09.2026,144,PC,PF CARTER PROTECTION NOIR REF 06,OPEXP03
1000207622,TA11,PRD2,311,TR transf. dans div.,,4901255061,23.09.2026,-400,KG,PF GRANULE PE NOIR BIG BAG,BARFLOW_TA11
1000207622,TA11,EXP2,311,TR transf. dans div.,,4901255061,23.09.2026,400,KG,PF GRANULE PE NOIR BIG BAG,BARFLOW_TA11
1000956436,TA11,PRD2,311,TR transf. dans div.,,4901255062,23.09.2026,-600,KG,PF MELANGE MAITRE BLANC SAC,BARFLOW_TA11
1000956436,TA11,EXP2,311,TR transf. dans div.,,4901255062,23.09.2026,600,KG,PF MELANGE MAITRE BLANC SAC,BARFLOW_TA11
1000614102,TA11,EXP2,311,TR transf. dans div.,,4901255064,23.09.2026,-96,PC,PF SUPPORT FIXATION ACIER REF 03,CHEFQUAI1
1000614102,TA11,EMRT,311,TR transf. dans div.,,4901255064,23.09.2026,96,PC,PF SUPPORT FIXATION ACIER REF 03,CHEFQUAI1
1000320436,TA11,PRD2,311,TR transf. dans div.,,4901255070,23.09.2026,-60,PC,PF JOINT ETANCHEITE 60MM REF 10,BARFLOW_TA11
1000320436,TA11,EXP2,311,TR transf. dans div.,,4901255070,23.09.2026,60,PC,PF JOINT ETANCHEITE 60MM REF 10,BARFLOW_TA11
1000207622,TA11,PRD2,311,TR transf. dans div.,,4901255074,23.09.2026,-400,KG,PF GRANULE PE NOIR BIG BAG,BARFLOW_TA11
1000207622,TA11,EXP2,311,TR transf. dans div.,,4901255074,23.09.2026,400,KG,PF GRANULE PE NOIR BIG BAG,BARFLOW_TA11
1000956436,TA11,PRD2,311,TR transf. dans div.,,4901255077,23.09.2026,-600,KG,PF MELANGE MAITRE BLANC SAC,BARFLOW_TA11
1000956436,TA11,EXP2,311,TR transf. dans div.,,4901255077,23.09.2026,600,KG,PF MELANGE MAITRE BLANC SAC,BARFLOW_TA11
1000320436,TA11,PRD2,311,TR transf. dans div.,,4901255082,23.09.2026,-60,PC,PF JOINT ETANCHEITE 60MM REF 10,BARFLOW_TA11
1000320436,TA11,EXP2,311,TR transf. dans div.,,4901255082,23.09.2026,60,PC,PF JOINT ETANCHEITE 60MM REF 10,BARFLOW_TA11
1000956436,TA11,PRD2,311,TR transf. dans div.,,4901255083,23.09.2026,-600,KG,PF MELANGE MAITRE BLANC SAC,BARFLOW_TA11
1000956436,TA11,EXP2,311,TR transf. dans div.,,4901255083,23.09.2026,600,KG,PF MELANGE MAITRE BLANC SAC,BARFLOW_TA11
1000207622,TA11,PRD2,311,TR transf. dans div.,,4901255086,23.09.2026,-400,KG,PF GRANULE PE NOIR BIG BAG,BARFLOW_TA11
1000207622,TA11,EXP2,311,TR transf. dans div.,,4901255086,23.09.2026,400,KG,PF GRANULE PE NOIR BIG BAG,BARFLOW_TA11
1000207622,TA11,PRD2,311,TR transf. dans div.,,4901255087,23.09.2026,-400,KG,PF GRANULE PE NOIR BIG BAG,BARFLOW_TA11
1000207622,TA11,EXP2,311,TR transf. dans div.,,4901255087,23.09.2026,400,KG,PF GRANULE PE NOIR BIG BAG,BARFLOW_TA11
1000207622,TA11,PRD2,311,TR transf. dans div.,,4901255093,23.09.2026,-400,KG,PF GRANULE PE NOIR BIG BAG,BARFLOW_TA11
1000207622,TA11,EXP2,311,TR transf. dans div.,,4901255093,23.09.2026,400,KG,PF GRANULE PE NOIR BIG BAG,BARFLOW_TA11
1000956436,TA11,PRD2,311,TR transf. dans div.,,4901255100,23.09.2026,-600,KG,PF MELANGE MAITRE BLANC SAC,OPEXP01
1000956436,TA11,EXP2,311,TR transf. dans div.,,4901255100,23.09.2026,600,KG,PF MELANGE MAITRE BLANC SAC,OPEXP01
1000320436,TA11,PRD2,311,TR transf. dans div.,,4901255112,23.09.2026,-60,PC,PF JOINT ETANCHEITE 60MM REF 10,BARFLOW_TA11
1000320436,TA11,EXP2,311,TR transf. dans div.,,4901255112,23.09.2026,60,PC,PF JOINT ETANCHEITE 60MM REF 10,BARFLOW_TA11
1000207622,TA11,PRD2,311,TR transf. dans div.,,4901255117,23.09.2026,-400,KG,PF GRANULE PE NOIR BIG BAG,BARFLOW_TA11
1000207622,TA11,EXP2,311,TR transf. dans div.,,4901255117,23.09.2026,400,KG,PF GRANULE PE NOIR BIG BAG,BARFLOW_TA11
1000778636,TA11,EMRT,311,TR transf. dans div.,,4901255119,23.09.2026,-432,PC,PF GRILLE AERATION BLANCHE REF 08,CHEFQUAI1
1000778636,TA11,EXP2,311,TR transf. dans div.,,4901255119,23.09.2026,432,PC,PF GRILLE AERATION BLANCHE REF 08,CHEFQUAI1
1000956436,TA11,PRD2,311,TR transf. dans div.,,4901255122,23.09.2026,-600,KG,PF MELANGE MAITRE BLANC SAC,BARFLOW_TA11
1000956436,TA11,EXP2,311,TR transf. dans div.,,4901255122,23.09.2026,600,KG,PF MELANGE MAITRE BLANC SAC,BARFLOW_TA11
1000202814,TA11,PRD2,311,TR transf. dans div.,,4901255124,23.09.2026,-144,PC,PF CARTER PROTECTION NOIR REF 06,BARFLOW_TA11
1000202814,TA11,EXP2,311,TR transf. dans div.,,4901255124,23.09.2026,144,PC,PF CARTER PROTECTION NOIR REF 06,BARFLOW_TA11
1000956436,TA11,PRD2,311,TR transf. dans div.,,4901255127,23.09.2026,-600,KG,PF MELANGE MAITRE BLANC SAC,BARFLOW_TA11
1000956436,TA11,EXP2,311,TR transf. dans div.,,4901255127,23.09.2026,600,KG,PF MELANGE MAITRE BLANC SAC,BARFLOW_TA11
1000956436,TA11,PRD2,311,TR transf. dans div.,,4901255129,23.09.2026,-600,KG,PF MELANGE MAITRE BLANC SAC,BARFLOW_TA11
1000956436,TA11,EXP2,311,TR transf. dans div.,,4901255129,23.09.2026,600,KG,PF MELANGE MAITRE BLANC SAC,BARFLOW_TA11
1000202814,TA11,PRD2,311,TR transf. dans div.,,4901255130,23.09.2026,-144,PC,PF CARTER PROTECTION NOIR REF 06,BARFLOW_TA11
1000202814,TA11,EXP2,311,TR transf. dans div.,,4901255130,23.09.2026,144,PC,PF CARTER PROTECTION NOIR REF 06,BARFLOW_TA11
1000730226,TA11,PRD2,311,TR transf. dans div.,,4901255134,23.09.2026,-24,PC,PF CAPOT MOTEUR GRIS REF 02,BARFLOW_TA11
1000730226,TA11,EXP2,311,TR transf. dans div.,,4901255134,23.09.2026,24,PC,PF CAPOT MOTEUR GRIS REF 02,BARFLOW_TA11
1000730226,TA11,PRD2,311,TR transf. dans div.,,4901255137,23.09.2026,-24,PC,PF CAPOT MOTEUR GRIS REF 02,BARFLOW_TA11
1000730226,TA11,EXP2,311,TR transf. dans div.,,4901255137,23.09.2026,24,PC,PF CAPOT MOTEUR GRIS REF 02,BARFLOW_TA11
1000202814,TA11,PRD2,311,TR transf. dans div.,,4901255141,23.09.2026,-144,PC,PF CARTER PROTECTION NOIR REF 06,BARFLOW_TA11
1000202814,TA11,EXP2,311,TR transf. dans div.,,4901255141,23.09.2026,144,PC,PF CARTER PROTECTION NOIR REF 06,BARFLOW_TA11
1000730226,TA11,PRD2,311,TR transf. dans div.,,4901255142,23.09.2026,-24,PC,PF CAPOT MOTEUR GRIS REF 02,BARFLOW_TA11
1000730226,TA11,EXP2,311,TR transf. dans div.,,4901255142,23.09.2026,24,PC,PF CAPOT MOTEUR GRIS REF 02,BARFLOW_TA11
1000435003,TA11,PRD2,311,TR transf. dans div.,,4901255143,23.09.2026,-120,PC,PF CAPTEUR TEMPERATURE REF 17,BARFLOW_TA11
1000435003,TA11,EXP2,311,TR transf. dans div.,,4901255143,23.09.2026,120,PC,PF CAPTEUR TEMPERATURE REF 17,BARFLOW_TA11
1000435003,TA11,PRD2,311,TR transf. dans div.,,4901255146,23.09.2026,-120,PC,PF CAPTEUR TEMPERATURE REF 17,BARFLOW_TA11
1000435003,TA11,EXP2,311,TR transf. dans div.,,4901255146,23.09.2026,120,PC,PF CAPTEUR TEMPERATURE REF 17,BARFLOW_TA11
1000202814,TA11,PRD2,311,TR transf. dans div.,,4901255147,23.09.2026,-144,PC,PF CARTER PROTECTION NOIR REF 06,BARFLOW_TA11
1000202814,TA11,EXP2,311,TR transf. dans div.,,4901255147,23.09.2026,144,PC,PF CARTER PROTECTION NOIR REF 06,BARFLOW_TA11
1000202814,TA11,PRD2,311,TR transf. dans div.,,4901255153,23.09.2026,-144,PC,PF CARTER PROTECTION NOIR REF 06,BARFLOW_TA11
1000202814,TA11,EXP2,311,TR transf. dans div.,,4901255153,23.09.2026,144,PC,PF CARTER PROTECTION NOIR REF 06,BARFLOW_TA11
1000435003,TA11,PRD2,311,TR transf. dans div.,,4901255154,23.09.2026,-120,PC,PF CAPTEUR TEMPERATURE REF 17,BARFLOW_TA11
1000435003,TA11,EXP2,311,TR transf. dans div.,,4901255154,23.09.2026,120,PC,PF CAPTEUR TEMPERATURE REF 17,BARFLOW_TA11
1000202814,TA11,PRD2,311,TR transf. dans div.,,4901255157,23.09.2026,-144,PC,PF CARTER PROTECTION NOIR REF 06,BARFLOW_TA11
1000202814,TA11,EXP2,311,TR transf. dans div.,,4901255157,23.09.2026,144,PC,PF CARTER PROTECTION NOIR REF 06,BARFLOW_TA11
1000435003,TA11,PRD2,311,TR transf. dans div.,,4901255164,23.09.2026,-120,PC,PF CAPTEUR TEMPERATURE REF 17,BARFLOW_TA11
1000435003,TA11,EXP2,311,TR transf. dans div.,,4901255164,23.09.2026,120,PC,PF CAPTEUR TEMPERATURE REF 17,BARFLOW_TA11
1000435003,TA11,PRD2,311,TR transf. dans div.,,4901255167,23.09.2026,-120,PC,PF CAPTEUR TEMPERATURE REF 17,BARFLOW_TA11
1000435003,TA11,EXP2,311,TR transf. dans div.,,4901255167,23.09.2026,120,PC,PF CAPTEUR TEMPERATURE REF 17,BARFLOW_TA11
1000905427,TA11,EMRT,311,TR transf. dans div.,,4901255171,23.09.2026,-288,PC,PF PANNEAU PORTE GAUCHE REF 21,OPEXP03
1000905427,TA11,EXP2,311,TR transf. dans div.,,4901255171,23.09.2026,288,PC,PF PANNEAU PORTE GAUCHE REF 21,OPEXP03
1000202814,TA11,PRD2,311,TR transf. dans div.,,4901255174,23.09.2026,-144,PC,PF CARTER PROTECTION NOIR REF 06,BARFLOW_TA11
1000202814,TA11,EXP2,311,TR transf. dans div.,,4901255174,23.09.2026,144,PC,PF CARTER PROTECTION NOIR REF 06,BARFLOW_TA11
1000202814,TA11,PRD2,311,TR transf. dans div.,,4901255178,23.09.2026,-144,PC,PF CARTER PROTECTION NOIR REF 06,BARFLOW_TA11
1000202814,TA11,EXP2,311,TR transf. dans div.,,4901255178,23.09.2026,144,PC,PF CARTER PROTECTION NOIR REF 06,BARFLOW_TA11
1000983322,TA11,PRD2,311,TR transf. dans div.,,4901255179,23.09.2026,-96,PC,PF POIGNEE PORTE CHROME REF 09,BARFLOW_TA11
1000983322,TA11,EXP2,311,TR transf. dans div.,,4901255179,23.09.2026,96,PC,PF POIGNEE PORTE CHROME REF 09,BARFLOW_TA11
1000435003,TA11,PRD2,311,TR transf. dans div.,,4901255181,23.09.2026,-120,PC,PF CAPTEUR TEMPERATURE REF 17,BARFLOW_TA11
1000435003,TA11,EXP2,311,TR transf. dans div.,,4901255181,23.09.2026,120,PC,PF CAPTEUR TEMPERATURE REF 17,BARFLOW_TA11
1000435003,TA11,PRD2,311,TR transf. dans div.,,4901255184,23.09.2026,-120,PC,PF CAPTEUR TEMPERATURE REF 17,BARFLOW_TA11
1000435003,TA11,EXP2,311,TR transf. dans div.,,4901255184,23.09.2026,120,PC,PF CAPTEUR TEMPERATURE REF 17,BARFLOW_TA11
1000435003,TA11,PRD2,311,TR transf. dans div.,,4901255186,23.09.2026,-120,PC,PF CAPTEUR TEMPERATURE REF 17,BARFLOW_TA11
1000435003,TA11,EXP2,311,TR transf. dans div.,,4901255186,23.09.2026,120,PC,PF CAPTEUR TEMPERATURE REF 17,BARFLOW_TA11
1000435003,TA11,PRD2,311,TR transf. dans div.,,4901255189,23.09.2026,-120,PC,PF CAPTEUR TEMPERATURE REF 17,BARFLOW_TA11
1000435003,TA11,EXP2,311,TR transf. dans div.,,4901255189,23.09.2026,120,PC,PF CAPTEUR TEMPERATURE REF 17,BARFLOW_TA11
1000983322,TA11,PRD2,311,TR transf. dans div.,,4901255192,23.09.2026,-96,PC,PF POIGNEE PORTE CHROME REF 09,BARFLOW_TA11
1000983322,TA11,EXP2,311,TR transf. dans div.,,4901255192,23.09.2026,96,PC,PF POIGNEE PORTE CHROME REF 09,BARFLOW_TA11
1000983322,TA11,PRD2,311,TR transf. dans div.,,4901255196,23.09.2026,-96,PC,PF POIGNEE PORTE CHROME REF 09,OPEXP01
1000983322,TA11,EXP2,311,TR transf. dans div.,,4901255196,23.09.2026,96,PC,PF POIGNEE PORTE CHROME REF 09,OPEXP01
1000983322,TA11,PRD2,311,TR transf. dans div.,,4901255197,23.09.2026,-96,PC,PF POIGNEE PORTE CHROME REF 09,BARFLOW_TA11
1000983322,TA11,EXP2,311,TR transf. dans div.,,4901255197,23.09.2026,96,PC,PF POIGNEE PORTE CHROME REF 09,BARFLOW_TA11
1000435003,TA11,PRD2,311,TR transf. dans div.,,4901255201,23.09.2026,-120,PC,PF CAPTEUR TEMPERATURE REF 17,BARFLOW_TA11
1000435003,TA11,EXP2,311,TR transf. dans div.,,4901255201,23.09.2026,120,PC,PF CAPTEUR TEMPERATURE REF 17,BARFLOW_TA11
1000435003,TA11,EXP2,311,TR transf. dans div.,,4901255202,23.09.2026,-480,PC,PF CAPTEUR TEMPERATURE REF 17,OPEXP01
1000435003,TA11,EMRT,311,TR transf. dans div.,,4901255202,23.09.2026,480,PC,PF CAPTEUR TEMPERATURE REF 17,OPEXP01
1000983322,TA11,EXP2,311,TR transf. dans div.,,4901255205,23.09.2026,-192,PC,PF POIGNEE PORTE CHROME REF 09,CHEFQUAI1
1000983322,TA11,EMRT,311,TR transf. dans div.,,4901255205,23.09.2026,192,PC,PF POIGNEE PORTE CHROME REF 09,CHEFQUAI1
1000983322,TA11,PRD2,311,TR transf. dans div.,,4901255211,23.09.2026,-96,PC,PF POIGNEE PORTE CHROME REF 09,BARFLOW_TA11
1000983322,TA11,EXP2,311,TR transf. dans div.,,4901255211,23.09.2026,96,PC,PF POIGNEE PORTE CHROME REF 09,BARFLOW_TA11
1000983322,TA11,PRD2,311,TR transf. dans div.,,4901255212,23.09.2026,-96,PC,PF POIGNEE PORTE CHROME REF 09,BARFLOW_TA11
1000983322,TA11,EXP2,311,TR transf. dans div.,,4901255212,23.09.2026,96,PC,PF POIGNEE PORTE CHROME REF 09,BARFLOW_TA11
1000983322,TA11,PRD2,311,TR transf. dans div.,,4901255214,23.09.2026,-96,PC,PF POIGNEE PORTE CHROME REF 09,BARFLOW_TA11
1000983322,TA11,EXP2,311,TR transf. dans div.,,4901255214,23.09.2026,96,PC,PF POIGNEE PORTE CHROME REF 09,BARFLOW_TA11
1000983322,TA11,PRD2,311,TR transf. dans div.,,4901255216,23.09.2026,-96,PC,PF POIGNEE PORTE CHROME REF 09,BARFLOW_TA11
1000983322,TA11,EXP2,311,TR transf. dans div.,,4901255216,23.09.2026,96,PC,PF POIGNEE PORTE CHROME REF 09,BARFLOW_TA11
1000351589,TA11,PRD2,311,TR transf. dans div.,,4901255227,23.09.2026,-48,PC,PF BOITIER COMMANDE REF 31,BARFLOW_TA11
1000351589,TA11,EXP2,311,TR transf. dans div.,,4901255227,23.09.2026,48,PC,PF BOITIER COMMANDE REF 31,BARFLOW_TA11
1000351589,TA11,PRD2,311,TR transf. dans div.,,4901255230,23.09.2026,-48,PC,PF BOITIER COMMANDE REF 31,BARFLOW_TA11
1000351589,TA11,EXP2,311,TR transf. dans div.,,4901255230,23.09.2026,48,PC,PF BOITIER COMMANDE REF 31,BARFLOW_TA11
1000351589,TA11,PRD2,311,TR transf. dans div.,,4901255231,23.09.2026,-48,PC,PF BOITIER COMMANDE REF 31,BARFLOW_TA11
1000351589,TA11,EXP2,311,TR transf. dans div.,,4901255231,23.09.2026,48,PC,PF BOITIER COMMANDE REF 31,BARFLOW_TA11
1000351589,TA11,PRD2,311,TR transf. dans div.,,4901255236,23.09.2026,-48,PC,PF BOITIER COMMANDE REF 31,BARFLOW_TA11
1000351589,TA11,EXP2,311,TR transf. dans div.,,4901255236,23.09.2026,48,PC,PF BOITIER COMMANDE REF 31,BARFLOW_TA11
1000351589,TA11,PRD2,311,TR transf. dans div.,,4901255249,23.09.2026,-48,PC,PF BOITIER COMMANDE REF 31,BARFLOW_TA11
1000351589,TA11,EXP2,311,TR transf. dans div.,,4901255249,23.09.2026,48,PC,PF BOITIER COMMANDE REF 31,BARFLOW_TA11
1000351589,TA11,PRD2,311,TR transf. dans div.,,4901255252,23.09.2026,-48,PC,PF BOITIER COMMANDE REF 31,BARFLOW_TA11
1000351589,TA11,EXP2,311,TR transf. dans div.,,4901255252,23.09.2026,48,PC,PF BOITIER COMMANDE REF 31,BARFLOW_TA11
1000351589,TA11,PRD2,311,TR transf. dans div.,,4901255255,23.09.2026,-48,PC,PF BOITIER COMMANDE REF 31,BARFLOW_TA11
1000351589,TA11,EXP2,311,TR transf. dans div.,,4901255255,23.09.2026,48,PC,PF BOITIER COMMANDE REF 31,BARFLOW_TA11
1000351589,TA11,PRD2,311,TR transf. dans div.,,4901255257,23.09.2026,-48,PC,PF BOITIER COMMANDE REF 31,BARFLOW_TA11
1000351589,TA11,EXP2,311,TR transf. dans div.,,4901255257,23.09.2026,48,PC,PF BOITIER COMMANDE REF 31,BARFLOW_TA11
1000614750,TA11,PRD2,311,TR transf. dans div.,,4901255259,23.09.2026,-120,PC,PF COQUE RETROVISEUR REF 32,OPEXP01
1000614750,TA11,EXP2,311,TR transf. dans div.,,4901255259,23.09.2026,120,PC,PF COQUE RETROVISEUR REF 32,OPEXP01
1000614750,TA11,PRD2,311,TR transf. dans div.,,4901255262,23.09.2026,-120,PC,PF COQUE RETROVISEUR REF 32,OPEXP01
1000614750,TA11,EXP2,311,TR transf. dans div.,,4901255262,23.09.2026,120,PC,PF COQUE RETROVISEUR REF 32,OPEXP01
1000614750,TA11,PRD2,311,TR transf. dans div.,,4901255263,23.09.2026,-120,PC,PF COQUE RETROVISEUR REF 32,BARFLOW_TA11
1000614750,TA11,EXP2,311,TR transf. dans div.,,4901255263,23.09.2026,120,PC,PF COQUE RETROVISEUR REF 32,BARFLOW_TA11
1000614750,TA11,PRD2,311,TR transf. dans div.,,4901255268,23.09.2026,-120,PC,PF COQUE RETROVISEUR REF 32,OPEXP03
1000614750,TA11,EXP2,311,TR transf. dans div.,,4901255268,23.09.2026,120,PC,PF COQUE RETROVISEUR REF 32,OPEXP03
1000202814,TA11,PRD2,311,TR transf. dans div.,,4901255269,24.09.2026,-144,PC,PF CARTER PROTECTION NOIR REF 06,BARFLOW_TA11
1000202814,TA11,EXP2,311,TR transf. dans div.,,4901255269,24.09.2026,144,PC,PF CARTER PROTECTION NOIR REF 06,BARFLOW_TA11
1000914295,TA11,PRD2,311,TR transf. dans div.,,4901255270,24.09.2026,-320,PC,PF CONNECTEUR 4 VOIES REF 04,BARFLOW_TA11
1000914295,TA11,EXP2,311,TR transf. dans div.,,4901255270,24.09.2026,320,PC,PF CONNECTEUR 4 VOIES REF 04,BARFLOW_TA11
1000351589,TA11,PRD2,311,TR transf. dans div.,,4901255272,24.09.2026,-48,PC,PF BOITIER COMMANDE REF 31,OPEXP02
1000351589,TA11,EXP2,311,TR transf. dans div.,,4901255272,24.09.2026,48,PC,PF BOITIER COMMANDE REF 31,OPEXP02
1000320436,TA11,PRD2,311,TR transf. dans div.,,4901255276,24.09.2026,-60,PC,PF JOINT ETANCHEITE 60MM REF 10,BARFLOW_TA11
1000320436,TA11,EXP2,311,TR transf. dans div.,,4901255276,24.09.2026,60,PC,PF JOINT ETANCHEITE 60MM REF 10,BARFLOW_TA11
1000730226,TA11,PRD2,311,TR transf. dans div.,,4901255278,24.09.2026,-24,PC,PF CAPOT MOTEUR GRIS REF 02,BARFLOW_TA11
1000730226,TA11,EXP2,311,TR transf. dans div.,,4901255278,24.09.2026,24,PC,PF CAPOT MOTEUR GRIS REF 02,BARFLOW_TA11
1000674421,TA11,PRD2,311,TR transf. dans div.,,4901255291,24.09.2026,-750,KG,PF GRANULE PP SAC 25KG,BARFLOW_TA11
1000674421,TA11,EXP2,311,TR transf. dans div.,,4901255291,24.09.2026,750,KG,PF GRANULE PP SAC 25KG,BARFLOW_TA11
1000674421,TA11,PRD2,311,TR transf. dans div.,,4901255295,24.09.2026,-750,KG,PF GRANULE PP SAC 25KG,BARFLOW_TA11
1000674421,TA11,EXP2,311,TR transf. dans div.,,4901255295,24.09.2026,750,KG,PF GRANULE PP SAC 25KG,BARFLOW_TA11
1000674421,TA11,PRD2,311,TR transf. dans div.,,4901255298,24.09.2026,-750,KG,PF GRANULE PP SAC 25KG,BARFLOW_TA11
1000674421,TA11,EXP2,311,TR transf. dans div.,,4901255298,24.09.2026,750,KG,PF GRANULE PP SAC 25KG,BARFLOW_TA11
1000956436,TA11,PRD2,311,TR transf. dans div.,,4901255305,24.09.2026,-600,KG,PF MELANGE MAITRE BLANC SAC,BARFLOW_TA11
1000956436,TA11,EXP2,311,TR transf. dans div.,,4901255305,24.09.2026,600,KG,PF MELANGE MAITRE BLANC SAC,BARFLOW_TA11
1000674421,TA11,PRD2,311,TR transf. dans div.,,4901255308,24.09.2026,-750,KG,PF GRANULE PP SAC 25KG,OPEXP02
1000674421,TA11,EXP2,311,TR transf. dans div.,,4901255308,24.09.2026,750,KG,PF GRANULE PP SAC 25KG,OPEXP02
1000715011,TA11,PRD2,311,TR transf. dans div.,,4901255317,24.09.2026,-750,KG,PF POUDRE EPOXY SAC 20KG,BARFLOW_TA11
1000715011,TA11,EXP2,311,TR transf. dans div.,,4901255317,24.09.2026,750,KG,PF POUDRE EPOXY SAC 20KG,BARFLOW_TA11
1000516512,TA11,PRD2,311,TR transf. dans div.,,4901255328,24.09.2026,-320,PC,PF SUPPORT PARE-CHOC REF 19,BARFLOW_TA11
1000516512,TA11,EXP2,311,TR transf. dans div.,,4901255328,24.09.2026,320,PC,PF SUPPORT PARE-CHOC REF 19,BARFLOW_TA11
1000674421,TA11,PRD2,311,TR transf. dans div.,,4901255330,24.09.2026,-750,KG,PF GRANULE PP SAC 25KG,BARFLOW_TA11
1000674421,TA11,EXP2,311,TR transf. dans div.,,4901255330,24.09.2026,750,KG,PF GRANULE PP SAC 25KG,BARFLOW_TA11
1000516512,TA11,PRD2,311,TR transf. dans div.,,4901255331,24.09.2026,-320,PC,PF SUPPORT PARE-CHOC REF 19,BARFLOW_TA11
1000516512,TA11,EXP2,311,TR transf. dans div.,,4901255331,24.09.2026,320,PC,PF SUPPORT PARE-CHOC REF 19,BARFLOW_TA11
1000516512,TA11,PRD2,311,TR transf. dans div.,,4901255339,24.09.2026,-320,PC,PF SUPPORT PARE-CHOC REF 19,BARFLOW_TA11
1000516512,TA11,EXP2,311,TR transf. dans div.,,4901255339,24.09.2026,320,PC,PF SUPPORT PARE-CHOC REF 19,BARFLOW_TA11
1000351589,TA11,PRD2,311,TR transf. dans div.,,4901255340,24.09.2026,-48,PC,PF BOITIER COMMANDE REF 31,BARFLOW_TA11
1000351589,TA11,EXP2,311,TR transf. dans div.,,4901255340,24.09.2026,48,PC,PF BOITIER COMMANDE REF 31,BARFLOW_TA11
1000778636,TA11,EMRT,311,TR transf. dans div.,,4901255343,24.09.2026,-288,PC,PF GRILLE AERATION BLANCHE REF 08,CHEFQUAI1
1000778636,TA11,EXP2,311,TR transf. dans div.,,4901255343,24.09.2026,288,PC,PF GRILLE AERATION BLANCHE REF 08,CHEFQUAI1
1000516512,TA11,PRD2,311,TR transf. dans div.,,4901255346,24.09.2026,-320,PC,PF SUPPORT PARE-CHOC REF 19,BARFLOW_TA11
1000516512,TA11,EXP2,311,TR transf. dans div.,,4901255346,24.09.2026,320,PC,PF SUPPORT PARE-CHOC REF 19,BARFLOW_TA11
1000429497,TA11,EXP2,311,TR transf. dans div.,,4901255348,24.09.2026,-192,PC,PF PANNEAU PORTE DROIT REF 22,OPEXP01
1000429497,TA11,EMRT,311,TR transf. dans div.,,4901255348,24.09.2026,192,PC,PF PANNEAU PORTE DROIT REF 22,OPEXP01
1000730226,TA11,PRD2,311,TR transf. dans div.,,4901255350,24.09.2026,-24,PC,PF CAPOT MOTEUR GRIS REF 02,BARFLOW_TA11
1000730226,TA11,EXP2,311,TR transf. dans div.,,4901255350,24.09.2026,24,PC,PF CAPOT MOTEUR GRIS REF 02,BARFLOW_TA11
1000715011,TA11,PRD2,311,TR transf. dans div.,,4901255354,24.09.2026,-750,KG,PF POUDRE EPOXY SAC 20KG,BARFLOW_TA11
1000715011,TA11,EXP2,311,TR transf. dans div.,,4901255354,24.09.2026,750,KG,PF POUDRE EPOXY SAC 20KG,BARFLOW_TA11
1000674421,TA11,PRD2,311,TR transf. dans div.,,4901255356,24.09.2026,-750,KG,PF GRANULE PP SAC 25KG,BARFLOW_TA11
1000674421,TA11,EXP2,311,TR transf. dans div.,,4901255356,24.09.2026,750,KG,PF GRANULE PP SAC 25KG,BARFLOW_TA11
1000674421,TA11,PRD2,311,TR transf. dans div.,,4901255359,24.09.2026,-750,KG,PF GRANULE PP SAC 25KG,BARFLOW_TA11
1000674421,TA11,EXP2,311,TR transf. dans div.,,4901255359,24.09.2026,750,KG,PF GRANULE PP SAC 25KG,BARFLOW_TA11
1000516512,TA11,PRD2,311,TR transf. dans div.,,4901255361,24.09.2026,-320,PC,PF SUPPORT PARE-CHOC REF 19,BARFLOW_TA11
1000516512,TA11,EXP2,311,TR transf. dans div.,,4901255361,24.09.2026,320,PC,PF SUPPORT PARE-CHOC REF 19,BARFLOW_TA11
1000102657,TA11,PRD2,311,TR transf. dans div.,,4901255387,24.09.2026,-144,PC,PF BAC RANGEMENT REF 23,BARFLOW_TA11
1000102657,TA11,EXP2,311,TR transf. dans div.,,4901255387,24.09.2026,144,PC,PF BAC RANGEMENT REF 23,BARFLOW_TA11
1000614102,TA11,PRD2,311,TR transf. dans div.,,4901255393,24.09.2026,-48,PC,PF SUPPORT FIXATION ACIER REF 03,BARFLOW_TA11
1000614102,TA11,EXP2,311,TR transf. dans div.,,4901255393,24.09.2026,48,PC,PF SUPPORT FIXATION ACIER REF 03,BARFLOW_TA11
1000887507,TA11,EXP2,311,TR transf. dans div.,,4901255399,24.09.2026,-1800,KG,PF COMPOUND ABS VRAC OCTABIN,CHEFQUAI1
1000887507,TA11,EMRT,311,TR transf. dans div.,,4901255399,24.09.2026,1800,KG,PF COMPOUND ABS VRAC OCTABIN,CHEFQUAI1
1000102657,TA11,PRD2,311,TR transf. dans div.,,4901255403,24.09.2026,-144,PC,PF BAC RANGEMENT REF 23,BARFLOW_TA11
1000102657,TA11,EXP2,311,TR transf. dans div.,,4901255403,24.09.2026,144,PC,PF BAC RANGEMENT REF 23,BARFLOW_TA11
1000614102,TA11,PRD2,311,TR transf. dans div.,,4901255406,24.09.2026,-48,PC,PF SUPPORT FIXATION ACIER REF 03,BARFLOW_TA11
1000614102,TA11,EXP2,311,TR transf. dans div.,,4901255406,24.09.2026,48,PC,PF SUPPORT FIXATION ACIER REF 03,BARFLOW_TA11
1000614102,TA11,PRD2,311,TR transf. dans div.,,4901255412,24.09.2026,-48,PC,PF SUPPORT FIXATION ACIER REF 03,BARFLOW_TA11
1000614102,TA11,EXP2,311,TR transf. dans div.,,4901255412,24.09.2026,48,PC,PF SUPPORT FIXATION ACIER REF 03,BARFLOW_TA11
1000202814,TA11,PRD2,311,TR transf. dans div.,,4901255413,24.09.2026,-144,PC,PF CARTER PROTECTION NOIR REF 06,BARFLOW_TA11
1000202814,TA11,EXP2,311,TR transf. dans div.,,4901255413,24.09.2026,144,PC,PF CARTER PROTECTION NOIR REF 06,BARFLOW_TA11
1000102657,TA11,PRD2,311,TR transf. dans div.,,4901255414,24.09.2026,-144,PC,PF BAC RANGEMENT REF 23,BARFLOW_TA11
1000102657,TA11,EXP2,311,TR transf. dans div.,,4901255414,24.09.2026,144,PC,PF BAC RANGEMENT REF 23,BARFLOW_TA11
1000614102,TA11,PRD2,311,TR transf. dans div.,,4901255417,24.09.2026,-48,PC,PF SUPPORT FIXATION ACIER REF 03,BARFLOW_TA11
1000614102,TA11,EXP2,311,TR transf. dans div.,,4901255417,24.09.2026,48,PC,PF SUPPORT FIXATION ACIER REF 03,BARFLOW_TA11
1000614102,TA11,PRD2,311,TR transf. dans div.,,4901255420,24.09.2026,-48,PC,PF SUPPORT FIXATION ACIER REF 03,BARFLOW_TA11
1000614102,TA11,EXP2,311,TR transf. dans div.,,4901255420,24.09.2026,48,PC,PF SUPPORT FIXATION ACIER REF 03,BARFLOW_TA11
1000614102,TA11,PRD2,311,TR transf. dans div.,,4901255422,24.09.2026,-48,PC,PF SUPPORT FIXATION ACIER REF 03,BARFLOW_TA11
1000614102,TA11,EXP2,311,TR transf. dans div.,,4901255422,24.09.2026,48,PC,PF SUPPORT FIXATION ACIER REF 03,BARFLOW_TA11
1000102657,TA11,PRD2,311,TR transf. dans div.,,4901255432,24.09.2026,-144,PC,PF BAC RANGEMENT REF 23,BARFLOW_TA11
1000102657,TA11,EXP2,311,TR transf. dans div.,,4901255432,24.09.2026,144,PC,PF BAC RANGEMENT REF 23,BARFLOW_TA11
1000102657,TA11,PRD2,311,TR transf. dans div.,,4901255433,24.09.2026,-144,PC,PF BAC RANGEMENT REF 23,BARFLOW_TA11
1000102657,TA11,EXP2,311,TR transf. dans div.,,4901255433,24.09.2026,144,PC,PF BAC RANGEMENT REF 23,BARFLOW_TA11
1000956436,TA11,EMRT,311,TR transf. dans div.,,4901255438,24.09.2026,-2400,KG,PF MELANGE MAITRE BLANC SAC,OPEXP01
1000956436,TA11,EXP2,311,TR transf. dans div.,,4901255438,24.09.2026,2400,KG,PF MELANGE MAITRE BLANC SAC,OPEXP01
1000730226,TA11,EXP2,311,TR transf. dans div.,,4901255448,24.09.2026,-72,PC,PF CAPOT MOTEUR GRIS REF 02,OPEXP03
1000730226,TA11,EMRT,311,TR transf. dans div.,,4901255448,24.09.2026,72,PC,PF CAPOT MOTEUR GRIS REF 02,OPEXP03
1000614102,TA11,PRD2,311,TR transf. dans div.,,4901255455,24.09.2026,-48,PC,PF SUPPORT FIXATION ACIER REF 03,BARFLOW_TA11
1000614102,TA11,EXP2,311,TR transf. dans div.,,4901255455,24.09.2026,48,PC,PF SUPPORT FIXATION ACIER REF 03,BARFLOW_TA11
1000910625,TA11,PRD2,311,TR transf. dans div.,,4901255460,24.09.2026,-72,PC,PF ECROU PLASTIQUE M8 REF 29,BARFLOW_TA11
1000910625,TA11,EXP2,311,TR transf. dans div.,,4901255460,24.09.2026,72,PC,PF ECROU PLASTIQUE M8 REF 29,BARFLOW_TA11
1000614102,TA11,PRD2,311,TR transf. dans div.,,4901255465,24.09.2026,-48,PC,PF SUPPORT FIXATION ACIER REF 03,OPEXP01
1000614102,TA11,EXP2,311,TR transf. dans div.,,4901255465,24.09.2026,48,PC,PF SUPPORT FIXATION ACIER REF 03,OPEXP01
1000910625,TA11,PRD2,311,TR transf. dans div.,,4901255470,24.09.2026,-72,PC,PF ECROU PLASTIQUE M8 REF 29,BARFLOW_TA11
1000910625,TA11,EXP2,311,TR transf. dans div.,,4901255470,24.09.2026,72,PC,PF ECROU PLASTIQUE M8 REF 29,BARFLOW_TA11
1000910625,TA11,PRD2,311,TR transf. dans div.,,4901255473,24.09.2026,-72,PC,PF ECROU PLASTIQUE M8 REF 29,BARFLOW_TA11
1000910625,TA11,EXP2,311,TR transf. dans div.,,4901255473,24.09.2026,72,PC,PF ECROU PLASTIQUE M8 REF 29,BARFLOW_TA11
1000954340,TA11,PRD2,311,TR transf. dans div.,,4901255481,24.09.2026,-480,PC,PF FILTRE HABITACLE REF 27,BARFLOW_TA11
1000954340,TA11,EXP2,311,TR transf. dans div.,,4901255481,24.09.2026,480,PC,PF FILTRE HABITACLE REF 27,BARFLOW_TA11
1000910625,TA11,PRD2,311,TR transf. dans div.,,4901255485,24.09.2026,-72,PC,PF ECROU PLASTIQUE M8 REF 29,BARFLOW_TA11
1000910625,TA11,EXP2,311,TR transf. dans div.,,4901255485,24.09.2026,72,PC,PF ECROU PLASTIQUE M8 REF 29,BARFLOW_TA11
1000910625,TA11,PRD2,311,TR transf. dans div.,,4901255489,24.09.2026,-72,PC,PF ECROU PLASTIQUE M8 REF 29,BARFLOW_TA11
1000910625,TA11,EXP2,311,TR transf. dans div.,,4901255489,24.09.2026,72,PC,PF ECROU PLASTIQUE M8 REF 29,BARFLOW_TA11
1000910625,TA11,PRD2,311,TR transf. dans div.,,4901255490,24.09.2026,-72,PC,PF ECROU PLASTIQUE M8 REF 29,OPEXP02
1000910625,TA11,EXP2,311,TR transf. dans div.,,4901255490,24.09.2026,72,PC,PF ECROU PLASTIQUE M8 REF 29,OPEXP02
1000954340,TA11,PRD2,311,TR transf. dans div.,,4901255491,24.09.2026,-480,PC,PF FILTRE HABITACLE REF 27,BARFLOW_TA11
1000954340,TA11,EXP2,311,TR transf. dans div.,,4901255491,24.09.2026,480,PC,PF FILTRE HABITACLE REF 27,BARFLOW_TA11
1000910625,TA11,PRD2,311,TR transf. dans div.,,4901255498,24.09.2026,-72,PC,PF ECROU PLASTIQUE M8 REF 29,OPEXP02
1000910625,TA11,EXP2,311,TR transf. dans div.,,4901255498,24.09.2026,72,PC,PF ECROU PLASTIQUE M8 REF 29,OPEXP02
1000334130,TA11,PRD2,311,TR transf. dans div.,,4901255500,24.09.2026,-480,PC,PF PLATINE ELECTRONIQUE REF 12,BARFLOW_TA11
1000334130,TA11,EXP2,311,TR transf. dans div.,,4901255500,24.09.2026,480,PC,PF PLATINE ELECTRONIQUE REF 12,BARFLOW_TA11
1000954340,TA11,PRD2,311,TR transf. dans div.,,4901255507,24.09.2026,-480,PC,PF FILTRE HABITACLE REF 27,BARFLOW_TA11
1000954340,TA11,EXP2,311,TR transf. dans div.,,4901255507,24.09.2026,480,PC,PF FILTRE HABITACLE REF 27,BARFLOW_TA11
1000334130,TA11,PRD2,311,TR transf. dans div.,,4901255508,24.09.2026,-480,PC,PF PLATINE ELECTRONIQUE REF 12,BARFLOW_TA11
1000334130,TA11,EXP2,311,TR transf. dans div.,,4901255508,24.09.2026,480,PC,PF PLATINE ELECTRONIQUE REF 12,BARFLOW_TA11
1000334130,TA11,PRD2,311,TR transf. dans div.,,4901255514,24.09.2026,-480,PC,PF PLATINE ELECTRONIQUE REF 12,BARFLOW_TA11
1000334130,TA11,EXP2,311,TR transf. dans div.,,4901255514,24.09.2026,480,PC,PF PLATINE ELECTRONIQUE REF 12,BARFLOW_TA11
1000334130,TA11,PRD2,311,TR transf. dans div.,,4901255515,24.09.2026,-480,PC,PF PLATINE ELECTRONIQUE REF 12,OPEXP02
1000334130,TA11,EXP2,311,TR transf. dans div.,,4901255515,24.09.2026,480,PC,PF PLATINE ELECTRONIQUE REF 12,OPEXP02
1000202814,TA11,PRD2,311,TR transf. dans div.,,4901255520,24.09.2026,-144,PC,PF CARTER PROTECTION NOIR REF 06,BARFLOW_TA11
1000202814,TA11,EXP2,311,TR transf. dans div.,,4901255520,24.09.2026,144,PC,PF CARTER PROTECTION NOIR REF 06,BARFLOW_TA11
1000334130,TA11,PRD2,311,TR transf. dans div.,,4901255523,24.09.2026,-480,PC,PF PLATINE ELECTRONIQUE REF 12,BARFLOW_TA11
1000334130,TA11,EXP2,311,TR transf. dans div.,,4901255523,24.09.2026,480,PC,PF PLATINE ELECTRONIQUE REF 12,BARFLOW_TA11
1000202814,TA11,PRD2,311,TR transf. dans div.,,4901255525,24.09.2026,-144,PC,PF CARTER PROTECTION NOIR REF 06,BARFLOW_TA11
1000202814,TA11,EXP2,311,TR transf. dans div.,,4901255525,24.09.2026,144,PC,PF CARTER PROTECTION NOIR REF 06,BARFLOW_TA11
1000202814,TA11,PRD2,311,TR transf. dans div.,,4901255527,24.09.2026,-144,PC,PF CARTER PROTECTION NOIR REF 06,BARFLOW_TA11
1000202814,TA11,EXP2,311,TR transf. dans div.,,4901255527,24.09.2026,144,PC,PF CARTER PROTECTION NOIR REF 06,BARFLOW_TA11
1000334130,TA11,PRD2,311,TR transf. dans div.,,4901255528,24.09.2026,-480,PC,PF PLATINE ELECTRONIQUE REF 12,BARFLOW_TA11
1000334130,TA11,EXP2,311,TR transf. dans div.,,4901255528,24.09.2026,480,PC,PF PLATINE ELECTRONIQUE REF 12,BARFLOW_TA11
1000334130,TA11,PRD2,311,TR transf. dans div.,,4901255530,24.09.2026,-480,PC,PF PLATINE ELECTRONIQUE REF 12,BARFLOW_TA11
1000334130,TA11,EXP2,311,TR transf. dans div.,,4901255530,24.09.2026,480,PC,PF PLATINE ELECTRONIQUE REF 12,BARFLOW_TA11
1000202814,TA11,PRD2,311,TR transf. dans div.,,4901255534,24.09.2026,-144,PC,PF CARTER PROTECTION NOIR REF 06,BARFLOW_TA11
1000202814,TA11,EXP2,311,TR transf. dans div.,,4901255534,24.09.2026,144,PC,PF CARTER PROTECTION NOIR REF 06,BARFLOW_TA11
1000202814,TA11,PRD2,311,TR transf. dans div.,,4901255536,24.09.2026,-144,PC,PF CARTER PROTECTION NOIR REF 06,BARFLOW_TA11
1000202814,TA11,EXP2,311,TR transf. dans div.,,4901255536,24.09.2026,144,PC,PF CARTER PROTECTION NOIR REF 06,BARFLOW_TA11
1000202814,TA11,PRD2,311,TR transf. dans div.,,4901255538,24.09.2026,-144,PC,PF CARTER PROTECTION NOIR REF 06,BARFLOW_TA11
1000202814,TA11,EXP2,311,TR transf. dans div.,,4901255538,24.09.2026,144,PC,PF CARTER PROTECTION NOIR REF 06,BARFLOW_TA11
1000202814,TA11,PRD2,311,TR transf. dans div.,,4901255541,24.09.2026,-144,PC,PF CARTER PROTECTION NOIR REF 06,BARFLOW_TA11
1000202814,TA11,EXP2,311,TR transf. dans div.,,4901255541,24.09.2026,144,PC,PF CARTER PROTECTION NOIR REF 06,BARFLOW_TA11
1000334130,TA11,PRD2,311,TR transf. dans div.,,4901255543,24.09.2026,-480,PC,PF PLATINE ELECTRONIQUE REF 12,BARFLOW_TA11
1000334130,TA11,EXP2,311,TR transf. dans div.,,4901255543,24.09.2026,480,PC,PF PLATINE ELECTRONIQUE REF 12,BARFLOW_TA11
1000954340,TA11,PRD2,311,TR transf. dans div.,,4901255545,25.09.2026,-480,PC,PF FILTRE HABITACLE REF 27,BARFLOW_TA11
1000954340,TA11,EXP2,311,TR transf. dans div.,,4901255545,25.09.2026,480,PC,PF FILTRE HABITACLE REF 27,BARFLOW_TA11
1000102657,TA11,PRD2,311,TR transf. dans div.,,4901255548,25.09.2026,-144,PC,PF BAC RANGEMENT REF 23,BARFLOW_TA11
1000102657,TA11,EXP2,311,TR transf. dans div.,,4901255548,25.09.2026,144,PC,PF BAC RANGEMENT REF 23,BARFLOW_TA11
1000954340,TA11,PRD2,311,TR transf. dans div.,,4901255555,25.09.2026,-480,PC,PF FILTRE HABITACLE REF 27,BARFLOW_TA11
1000954340,TA11,EXP2,311,TR transf. dans div.,,4901255555,25.09.2026,480,PC,PF FILTRE HABITACLE REF 27,BARFLOW_TA11
1000887507,TA11,PRD2,311,TR transf. dans div.,,4901255557,25.09.2026,-600,KG,PF COMPOUND ABS VRAC OCTABIN,BARFLOW_TA11
1000887507,TA11,EXP2,311,TR transf. dans div.,,4901255557,25.09.2026,600,KG,PF COMPOUND ABS VRAC OCTABIN,BARFLOW_TA11
1000334130,TA11,PRD2,311,TR transf. dans div.,,4901255563,25.09.2026,-480,PC,PF PLATINE ELECTRONIQUE REF 12,BARFLOW_TA11
1000334130,TA11,EXP2,311,TR transf. dans div.,,4901255563,25.09.2026,480,PC,PF PLATINE ELECTRONIQUE REF 12,BARFLOW_TA11
1000715011,TA11,PRD2,311,TR transf. dans div.,,4901255571,25.09.2026,-480.5,KG,PF POUDRE EPOXY SAC 20KG,BARFLOW_TA11
1000715011,TA11,EXP2,311,TR transf. dans div.,,4901255571,25.09.2026,480.5,KG,PF POUDRE EPOXY SAC 20KG,BARFLOW_TA11
1000614102,TA11,PRD2,311,TR transf. dans div.,,4901255573,25.09.2026,-48,PC,PF SUPPORT FIXATION ACIER REF 03,OPEXP02
1000614102,TA11,EXP2,311,TR transf. dans div.,,4901255573,25.09.2026,48,PC,PF SUPPORT FIXATION ACIER REF 03,OPEXP02
1000887507,TA11,PRD2,311,TR transf. dans div.,,4901255580,25.09.2026,-600,KG,PF COMPOUND ABS VRAC OCTABIN,OPEXP03
1000887507,TA11,EXP2,311,TR transf. dans div.,,4901255580,25.09.2026,600,KG,PF COMPOUND ABS VRAC OCTABIN,OPEXP03
1000429497,TA11,EMRT,311,TR transf. dans div.,,4901255586,25.09.2026,-96,PC,PF PANNEAU PORTE DROIT REF 22,CHEFQUAI1
1000429497,TA11,EXP2,311,TR transf. dans div.,,4901255586,25.09.2026,96,PC,PF PANNEAU PORTE DROIT REF 22,CHEFQUAI1
1000954340,TA11,PRD2,311,TR transf. dans div.,,4901255589,25.09.2026,-480,PC,PF FILTRE HABITACLE REF 27,BARFLOW_TA11
1000954340,TA11,EXP2,311,TR transf. dans div.,,4901255589,25.09.2026,480,PC,PF FILTRE HABITACLE REF 27,BARFLOW_TA11
1000674421,TA11,PRD2,311,TR transf. dans div.,,4901255590,25.09.2026,-750,KG,PF GRANULE PP SAC 25KG,OPEXP03
1000674421,TA11,EXP2,311,TR transf. dans div.,,4901255590,25.09.2026,750,KG,PF GRANULE PP SAC 25KG,OPEXP03
1000887507,TA11,PRD2,311,TR transf. dans div.,,4901255594,25.09.2026,-600,KG,PF COMPOUND ABS VRAC OCTABIN,OPEXP02
1000887507,TA11,EXP2,311,TR transf. dans div.,,4901255594,25.09.2026,600,KG,PF COMPOUND ABS VRAC OCTABIN,OPEXP02
1000102657,TA11,PRD2,311,TR transf. dans div.,,4901255597,25.09.2026,-144,PC,PF BAC RANGEMENT REF 23,BARFLOW_TA11
1000102657,TA11,EXP2,311,TR transf. dans div.,,4901255597,25.09.2026,144,PC,PF BAC RANGEMENT REF 23,BARFLOW_TA11
1000812390,TA11,PRD2,311,TR transf. dans div.,,4901255600,25.09.2026,-24,PC,PF CACHE MOTEUR REF 20,BARFLOW_TA11
1000812390,TA11,EXP2,311,TR transf. dans div.,,4901255600,25.09.2026,24,PC,PF CACHE MOTEUR REF 20,BARFLOW_TA11
1000887507,TA11,PRD2,311,TR transf. dans div.,,4901255603,25.09.2026,-600,KG,PF COMPOUND ABS VRAC OCTABIN,BARFLOW_TA11
1000887507,TA11,EXP2,311,TR transf. dans div.,,4901255603,25.09.2026,600,KG,PF COMPOUND ABS VRAC OCTABIN,BARFLOW_TA11
1000320436,TA11,PRD2,311,TR transf. dans div.,,4901255606,25.09.2026,-60,PC,PF JOINT ETANCHEITE 60MM REF 10,OPEXP03
1000320436,TA11,EXP2,311,TR transf. dans div.,,4901255606,25.09.2026,60,PC,PF JOINT ETANCHEITE 60MM REF 10,OPEXP03
1000887507,TA11,PRD2,311,TR transf. dans div.,,4901255608,25.09.2026,-600,KG,PF COMPOUND ABS VRAC OCTABIN,BARFLOW_TA11
1000887507,TA11,EXP2,311,TR transf. dans div.,,4901255608,25.09.2026,600,KG,PF COMPOUND ABS VRAC OCTABIN,BARFLOW_TA11
1000887507,TA11,PRD2,311,TR transf. dans div.,,4901255612,25.09.2026,-600,KG,PF COMPOUND ABS VRAC OCTABIN,BARFLOW_TA11
1000887507,TA11,EXP2,311,TR transf. dans div.,,4901255612,25.09.2026,600,KG,PF COMPOUND ABS VRAC OCTABIN,BARFLOW_TA11
1000887507,TA11,PRD2,311,TR transf. dans div.,,4901255616,25.09.2026,-600,KG,PF COMPOUND ABS VRAC OCTABIN,BARFLOW_TA11
1000887507,TA11,EXP2,311,TR transf. dans div.,,4901255616,25.09.2026,600,KG,PF COMPOUND ABS VRAC OCTABIN,BARFLOW_TA11
1000910625,TA11,PRD2,311,TR transf. dans div.,,4901255621,25.09.2026,-72,PC,PF ECROU PLASTIQUE M8 REF 29,BARFLOW_TA11
1000910625,TA11,EXP2,311,TR transf. dans div.,,4901255621,25.09.2026,72,PC,PF ECROU PLASTIQUE M8 REF 29,BARFLOW_TA11
1000730226,TA11,EMRT,311,TR transf. dans div.,,4901255626,25.09.2026,-24,PC,PF CAPOT MOTEUR GRIS REF 02,CHEFQUAI1
1000730226,TA11,EXP2,311,TR transf. dans div.,,4901255626,25.09.2026,24,PC,PF CAPOT MOTEUR GRIS REF 02,CHEFQUAI1
1000910625,TA11,PRD2,311,TR transf. dans div.,,4901255629,25.09.2026,-72,PC,PF ECROU PLASTIQUE M8 REF 29,BARFLOW_TA11
1000910625,TA11,EXP2,311,TR transf. dans div.,,4901255629,25.09.2026,72,PC,PF ECROU PLASTIQUE M8 REF 29,BARFLOW_TA11
1000910625,TA11,PRD2,311,TR transf. dans div.,,4901255635,25.09.2026,-72,PC,PF ECROU PLASTIQUE M8 REF 29,BARFLOW_TA11
1000910625,TA11,EXP2,311,TR transf. dans div.,,4901255635,25.09.2026,72,PC,PF ECROU PLASTIQUE M8 REF 29,BARFLOW_TA11
1000910625,TA11,PRD2,311,TR transf. dans div.,,4901255649,25.09.2026,-72,PC,PF ECROU PLASTIQUE M8 REF 29,BARFLOW_TA11
1000910625,TA11,EXP2,311,TR transf. dans div.,,4901255649,25.09.2026,72,PC,PF ECROU PLASTIQUE M8 REF 29,BARFLOW_TA11
1000910625,TA11,PRD2,311,TR transf. dans div.,,4901255651,25.09.2026,-72,PC,PF ECROU PLASTIQUE M8 REF 29,BARFLOW_TA11
1000910625,TA11,EXP2,311,TR transf. dans div.,,4901255651,25.09.2026,72,PC,PF ECROU PLASTIQUE M8 REF 29,BARFLOW_TA11
1000983322,TA11,PRD2,311,TR transf. dans div.,,4901255658,25.09.2026,-96,PC,PF POIGNEE PORTE CHROME REF 09,BARFLOW_TA11
1000983322,TA11,EXP2,311,TR transf. dans div.,,4901255658,25.09.2026,96,PC,PF POIGNEE PORTE CHROME REF 09,BARFLOW_TA11
1000983322,TA11,PRD2,311,TR transf. dans div.,,4901255666,25.09.2026,-96,PC,PF POIGNEE PORTE CHROME REF 09,OPEXP03
1000983322,TA11,EXP2,311,TR transf. dans div.,,4901255666,25.09.2026,96,PC,PF POIGNEE PORTE CHROME REF 09,OPEXP03
1000983322,TA11,PRD2,311,TR transf. dans div.,,4901255670,25.09.2026,-96,PC,PF POIGNEE PORTE CHROME REF 09,BARFLOW_TA11
1000983322,TA11,EXP2,311,TR transf. dans div.,,4901255670,25.09.2026,96,PC,PF POIGNEE PORTE CHROME REF 09,BARFLOW_TA11
1000636685,TA11,EXP2,311,TR transf. dans div.,,4901255671,25.09.2026,-600,PC,PF TUYAU REFROIDISSEMENT REF 28,CHEFQUAI1
1000636685,TA11,EMRT,311,TR transf. dans div.,,4901255671,25.09.2026,600,PC,PF TUYAU REFROIDISSEMENT REF 28,CHEFQUAI1
1000910625,TA11,PRD2,311,TR transf. dans div.,,4901255674,25.09.2026,-72,PC,PF ECROU PLASTIQUE M8 REF 29,OPEXP02
1000910625,TA11,EXP2,311,TR transf. dans div.,,4901255674,25.09.2026,72,PC,PF ECROU PLASTIQUE M8 REF 29,OPEXP02
1000866025,TA11,EXP2,311,TR transf. dans div.,,4901255676,25.09.2026,-288,PC,PF GAINE ELECTRIQUE 25MM REF 25,OPEXP01
1000866025,TA11,EMRT,311,TR transf. dans div.,,4901255676,25.09.2026,288,PC,PF GAINE ELECTRIQUE 25MM REF 25,OPEXP01
1000910625,TA11,PRD2,311,TR transf. dans div.,,4901255679,25.09.2026,-72,PC,PF ECROU PLASTIQUE M8 REF 29,BARFLOW_TA11
1000910625,TA11,EXP2,311,TR transf. dans div.,,4901255679,25.09.2026,72,PC,PF ECROU PLASTIQUE M8 REF 29,BARFLOW_TA11
1000910625,TA11,PRD2,311,TR transf. dans div.,,4901255680,25.09.2026,-72,PC,PF ECROU PLASTIQUE M8 REF 29,BARFLOW_TA11
1000910625,TA11,EXP2,311,TR transf. dans div.,,4901255680,25.09.2026,72,PC,PF ECROU PLASTIQUE M8 REF 29,BARFLOW_TA11
1000910625,TA11,PRD2,311,TR transf. dans div.,,4901255682,25.09.2026,-72,PC,PF ECROU PLASTIQUE M8 REF 29,BARFLOW_TA11
1000910625,TA11,EXP2,311,TR transf. dans div.,,4901255682,25.09.2026,72,PC,PF ECROU PLASTIQUE M8 REF 29,BARFLOW_TA11
1000730226,TA11,EXP2,311,TR transf. dans div.,,4901255687,25.09.2026,-96,PC,PF CAPOT MOTEUR GRIS REF 02,CHEFQUAI1
1000730226,TA11,EMRT,311,TR transf. dans div.,,4901255687,25.09.2026,96,PC,PF CAPOT MOTEUR GRIS REF 02,CHEFQUAI1
1000983322,TA11,PRD2,311,TR transf. dans div.,,4901255689,25.09.2026,-96,PC,PF POIGNEE PORTE CHROME REF 09,OPEXP01
1000983322,TA11,EXP2,311,TR transf. dans div.,,4901255689,25.09.2026,96,PC,PF POIGNEE PORTE CHROME REF 09,OPEXP01
1000983322,TA11,PRD2,311,TR transf. dans div.,,4901255691,25.09.2026,-96,PC,PF POIGNEE PORTE CHROME REF 09,BARFLOW_TA11
1000983322,TA11,EXP2,311,TR transf. dans div.,,4901255691,25.09.2026,96,PC,PF POIGNEE PORTE CHROME REF 09,BARFLOW_TA11
1000910625,TA11,PRD2,311,TR transf. dans div.,,4901255692,25.09.2026,-72,PC,PF ECROU PLASTIQUE M8 REF 29,OPEXP01
1000910625,TA11,EXP2,311,TR transf. dans div.,,4901255692,25.09.2026,72,PC,PF ECROU PLASTIQUE M8 REF 29,OPEXP01
1000983322,TA11,PRD2,311,TR transf. dans div.,,4901255694,25.09.2026,-96,PC,PF POIGNEE PORTE CHROME REF 09,BARFLOW_TA11
1000983322,TA11,EXP2,311,TR transf. dans div.,,4901255694,25.09.2026,96,PC,PF POIGNEE PORTE CHROME REF 09,BARFLOW_TA11
1000983322,TA11,EXP2,311,TR transf. dans div.,,4901255697,25.09.2026,-96,PC,PF POIGNEE PORTE CHROME REF 09,OPEXP02
1000983322,TA11,EMRT,311,TR transf. dans div.,,4901255697,25.09.2026,96,PC,PF POIGNEE PORTE CHROME REF 09,OPEXP02
1000910625,TA11,PRD2,311,TR transf. dans div.,,4901255704,25.09.2026,-72,PC,PF ECROU PLASTIQUE M8 REF 29,BARFLOW_TA11
1000910625,TA11,EXP2,311,TR transf. dans div.,,4901255704,25.09.2026,72,PC,PF ECROU PLASTIQUE M8 REF 29,BARFLOW_TA11
1000983322,TA11,PRD2,311,TR transf. dans div.,,4901255706,25.09.2026,-96,PC,PF POIGNEE PORTE CHROME REF 09,BARFLOW_TA11
1000983322,TA11,EXP2,311,TR transf. dans div.,,4901255706,25.09.2026,96,PC,PF POIGNEE PORTE CHROME REF 09,BARFLOW_TA11
1000910625,TA11,PRD2,311,TR transf. dans div.,,4901255708,25.09.2026,-72,PC,PF ECROU PLASTIQUE M8 REF 29,BARFLOW_TA11
1000910625,TA11,EXP2,311,TR transf. dans div.,,4901255708,25.09.2026,72,PC,PF ECROU PLASTIQUE M8 REF 29,BARFLOW_TA11
1000983322,TA11,PRD2,311,TR transf. dans div.,,4901255711,25.09.2026,-96,PC,PF POIGNEE PORTE CHROME REF 09,BARFLOW_TA11
1000983322,TA11,EXP2,311,TR transf. dans div.,,4901255711,25.09.2026,96,PC,PF POIGNEE PORTE CHROME REF 09,BARFLOW_TA11
1000954340,TA11,PRD2,311,TR transf. dans div.,,4901255722,25.09.2026,-480,PC,PF FILTRE HABITACLE REF 27,BARFLOW_TA11
1000954340,TA11,EXP2,311,TR transf. dans div.,,4901255722,25.09.2026,480,PC,PF FILTRE HABITACLE REF 27,BARFLOW_TA11
1000954340,TA11,PRD2,311,TR transf. dans div.,,4901255723,25.09.2026,-480,PC,PF FILTRE HABITACLE REF 27,BARFLOW_TA11
1000954340,TA11,EXP2,311,TR transf. dans div.,,4901255723,25.09.2026,480,PC,PF FILTRE HABITACLE REF 27,BARFLOW_TA11
1000914295,TA11,EMRT,311,TR transf. dans div.,,4901255724,25.09.2026,-960,PC,PF CONNECTEUR 4 VOIES REF 04,OPEXP01
1000914295,TA11,EXP2,311,TR transf. dans div.,,4901255724,25.09.2026,960,PC,PF CONNECTEUR 4 VOIES REF 04,OPEXP01
1000954340,TA11,PRD2,311,TR transf. dans div.,,4901255727,25.09.2026,-480,PC,PF FILTRE HABITACLE REF 27,BARFLOW_TA11
1000954340,TA11,EXP2,311,TR transf. dans div.,,4901255727,25.09.2026,480,PC,PF FILTRE HABITACLE REF 27,BARFLOW_TA11
1000954340,TA11,PRD2,311,TR transf. dans div.,,4901255730,25.09.2026,-480,PC,PF FILTRE HABITACLE REF 27,OPEXP02
1000954340,TA11,EXP2,311,TR transf. dans div.,,4901255730,25.09.2026,480,PC,PF FILTRE HABITACLE REF 27,OPEXP02
1000954340,TA11,PRD2,311,TR transf. dans div.,,4901255733,25.09.2026,-480,PC,PF FILTRE HABITACLE REF 27,BARFLOW_TA11
1000954340,TA11,EXP2,311,TR transf. dans div.,,4901255733,25.09.2026,480,PC,PF FILTRE HABITACLE REF 27,BARFLOW_TA11
1000562521,TA11,PRD2,311,TR transf. dans div.,,4901255742,25.09.2026,-144,PC,PF BRIDE SERRAGE INOX REF 16,BARFLOW_TA11
1000562521,TA11,EXP2,311,TR transf. dans div.,,4901255742,25.09.2026,144,PC,PF BRIDE SERRAGE INOX REF 16,BARFLOW_TA11
1000954340,TA11,PRD2,311,TR transf. dans div.,,4901255745,25.09.2026,-480,PC,PF FILTRE HABITACLE REF 27,BARFLOW_TA11
1000954340,TA11,EXP2,311,TR transf. dans div.,,4901255745,25.09.2026,480,PC,PF FILTRE HABITACLE REF 27,BARFLOW_TA11
1000562521,TA11,PRD2,311,TR transf. dans div.,,4901255749,25.09.2026,-144,PC,PF BRIDE SERRAGE INOX REF 16,BARFLOW_TA11
1000562521,TA11,EXP2,311,TR transf. dans div.,,4901255749,25.09.2026,144,PC,PF BRIDE SERRAGE INOX REF 16,BARFLOW_TA11
1000954340,TA11,PRD2,311,TR transf. dans div.,,4901255760,25.09.2026,-480,PC,PF FILTRE HABITACLE REF 27,BARFLOW_TA11
1000954340,TA11,EXP2,311,TR transf. dans div.,,4901255760,25.09.2026,480,PC,PF FILTRE HABITACLE REF 27,BARFLOW_TA11
1000562521,TA11,PRD2,311,TR transf. dans div.,,4901255770,25.09.2026,-144,PC,PF BRIDE SERRAGE INOX REF 16,OPEXP02
1000562521,TA11,EXP2,311,TR transf. dans div.,,4901255770,25.09.2026,144,PC,PF BRIDE SERRAGE INOX REF 16,OPEXP02
1000562521,TA11,PRD2,311,TR transf. dans div.,,4901255782,25.09.2026,-144,PC,PF BRIDE SERRAGE INOX REF 16,BARFLOW_TA11
1000562521,TA11,EXP2,311,TR transf. dans div.,,4901255782,25.09.2026,144,PC,PF BRIDE SERRAGE INOX REF 16,BARFLOW_TA11
1000887507,TA11,PRD2,311,TR transf. dans div.,,4901255786,25.09.2026,-600,KG,PF COMPOUND ABS VRAC OCTABIN,BARFLOW_TA11
1000887507,TA11,EXP2,311,TR transf. dans div.,,4901255786,25.09.2026,600,KG,PF COMPOUND ABS VRAC OCTABIN,BARFLOW_TA11
1000102657,TA11,PRD2,311,TR transf. dans div.,,4901255789,25.09.2026,-144,PC,PF BAC RANGEMENT REF 23,BARFLOW_TA11
1000102657,TA11,EXP2,311,TR transf. dans div.,,4901255789,25.09.2026,144,PC,PF BAC RANGEMENT REF 23,BARFLOW_TA11
1000435003,TA11,PRD2,311,TR transf. dans div.,,4901255791,25.09.2026,-120,PC,PF CAPTEUR TEMPERATURE REF 17,BARFLOW_TA11
1000435003,TA11,EXP2,311,TR transf. dans div.,,4901255791,25.09.2026,120,PC,PF CAPTEUR TEMPERATURE REF 17,BARFLOW_TA11
1000818461,TA11,PRD2,311,TR transf. dans div.,,4901255795,25.09.2026,-36,PC,PF CONSOLE CENTRALE REF 24,BARFLOW_TA11
1000818461,TA11,EXP2,311,TR transf. dans div.,,4901255795,25.09.2026,36,PC,PF CONSOLE CENTRALE REF 24,BARFLOW_TA11
1000102657,TA11,PRD2,311,TR transf. dans div.,,4901255798,25.09.2026,-144,PC,PF BAC RANGEMENT REF 23,BARFLOW_TA11
1000102657,TA11,EXP2,311,TR transf. dans div.,,4901255798,25.09.2026,144,PC,PF BAC RANGEMENT REF 23,BARFLOW_TA11
1000818461,TA11,PRD2,311,TR transf. dans div.,,4901255799,25.09.2026,-21,PC,PF CONSOLE CENTRALE REF 24,BARFLOW_TA11
1000818461,TA11,EXP2,311,TR transf. dans div.,,4901255799,25.09.2026,21,PC,PF CONSOLE CENTRALE REF 24,BARFLOW_TA11
1000818461,TA11,PRD2,311,TR transf. dans div.,,4901255801,25.09.2026,-36,PC,PF CONSOLE CENTRALE REF 24,OPEXP02
1000818461,TA11,EXP2,311,TR transf. dans div.,,4901255801,25.09.2026,36,PC,PF CONSOLE CENTRALE REF 24,OPEXP02
1000435003,TA11,PRD2,311,TR transf. dans div.,,4901255804,25.09.2026,-120,PC,PF CAPTEUR TEMPERATURE REF 17,BARFLOW_TA11
1000435003,TA11,EXP2,311,TR transf. dans div.,,4901255804,25.09.2026,120,PC,PF CAPTEUR TEMPERATURE REF 17,BARFLOW_TA11
1000435003,TA11,PRD2,311,TR transf. dans div.,,4901255807,25.09.2026,-120,PC,PF CAPTEUR TEMPERATURE REF 17,BARFLOW_TA11
1000435003,TA11,EXP2,311,TR transf. dans div.,,4901255807,25.09.2026,120,PC,PF CAPTEUR TEMPERATURE REF 17,BARFLOW_TA11
1000435003,TA11,PRD2,311,TR transf. dans div.,,4901255808,25.09.2026,-120,PC,PF CAPTEUR TEMPERATURE REF 17,OPEXP01
1000435003,TA11,EXP2,311,TR transf. dans div.,,4901255808,25.09.2026,120,PC,PF CAPTEUR TEMPERATURE REF 17,OPEXP01
1000102657,TA11,PRD2,311,TR transf. dans div.,,4901255819,25.09.2026,-144,PC,PF BAC RANGEMENT REF 23,BARFLOW_TA11
1000102657,TA11,EXP2,311,TR transf. dans div.,,4901255819,25.09.2026,144,PC,PF BAC RANGEMENT REF 23,BARFLOW_TA11
1000435003,TA11,PRD2,311,TR transf. dans div.,,4901255821,25.09.2026,-120,PC,PF CAPTEUR TEMPERATURE REF 17,BARFLOW_TA11
1000435003,TA11,EXP2,311,TR transf. dans div.,,4901255821,25.09.2026,120,PC,PF CAPTEUR TEMPERATURE REF 17,BARFLOW_TA11
1000435003,TA11,PRD2,311,TR transf. dans div.,,4901255824,25.09.2026,-120,PC,PF CAPTEUR TEMPERATURE REF 17,BARFLOW_TA11
1000435003,TA11,EXP2,311,TR transf. dans div.,,4901255824,25.09.2026,120,PC,PF CAPTEUR TEMPERATURE REF 17,BARFLOW_TA11
1000102657,TA11,PRD2,311,TR transf. dans div.,,4901255827,25.09.2026,-144,PC,PF BAC RANGEMENT REF 23,OPEXP01
1000102657,TA11,EXP2,311,TR transf. dans div.,,4901255827,25.09.2026,144,PC,PF BAC RANGEMENT REF 23,OPEXP01
1000102657,TA11,PRD2,311,TR transf. dans div.,,4901255829,25.09.2026,-144,PC,PF BAC RANGEMENT REF 23,BARFLOW_TA11
1000102657,TA11,EXP2,311,TR transf. dans div.,,4901255829,25.09.2026,144,PC,PF BAC RANGEMENT REF 23,BARFLOW_TA11
1000102657,TA11,PRD2,311,TR transf. dans div.,,4901255832,25.09.2026,-144,PC,PF BAC RANGEMENT REF 23,BARFLOW_TA11
1000102657,TA11,EXP2,311,TR transf. dans div.,,4901255832,25.09.2026,144,PC,PF BAC RANGEMENT REF 23,BARFLOW_TA11
1000914295,TA11,PRD2,311,TR transf. dans div.,,4901255834,25.09.2026,-320,PC,PF CONNECTEUR 4 VOIES REF 04,BARFLOW_TA11
1000914295,TA11,EXP2,311,TR transf. dans div.,,4901255834,25.09.2026,320,PC,PF CONNECTEUR 4 VOIES REF 04,BARFLOW_TA11
1000102657,TA11,PRD2,311,TR transf. dans div.,,4901255835,25.09.2026,-144,PC,PF BAC RANGEMENT REF 23,BARFLOW_TA11
1000102657,TA11,EXP2,311,TR transf. dans div.,,4901255835,25.09.2026,144,PC,PF BAC RANGEMENT REF 23,BARFLOW_TA11
1000914295,TA11,PRD2,311,TR transf. dans div.,,4901255837,25.09.2026,-320,PC,PF CONNECTEUR 4 VOIES REF 04,BARFLOW_TA11
1000914295,TA11,EXP2,311,TR transf. dans div.,,4901255837,25.09.2026,320,PC,PF CONNECTEUR 4 VOIES REF 04,BARFLOW_TA11
1000914295,TA11,PRD2,311,TR transf. dans div.,,4901255840,25.09.2026,-320,PC,PF CONNECTEUR 4 VOIES REF 04,BARFLOW_TA11
1000914295,TA11,EXP2,311,TR transf. dans div.,,4901255840,25.09.2026,320,PC,PF CONNECTEUR 4 VOIES REF 04,BARFLOW_TA11
1000914295,TA11,PRD2,311,TR transf. dans div.,,4901255843,25.09.2026,-320,PC,PF CONNECTEUR 4 VOIES REF 04,BARFLOW_TA11
1000914295,TA11,EXP2,311,TR transf. dans div.,,4901255843,25.09.2026,320,PC,PF CONNECTEUR 4 VOIES REF 04,BARFLOW_TA11
1000102657,TA11,PRD2,311,TR transf. dans div.,,4901255846,25.09.2026,-144,PC,PF BAC RANGEMENT REF 23,BARFLOW_TA11
1000102657,TA11,EXP2,311,TR transf. dans div.,,4901255846,25.09.2026,144,PC,PF BAC RANGEMENT REF 23,BARFLOW_TA11
1000102657,TA11,PRD2,311,TR transf. dans div.,,4901255849,25.09.2026,-144,PC,PF BAC RANGEMENT REF 23,BARFLOW_TA11
1000102657,TA11,EXP2,311,TR transf. dans div.,,4901255849,25.09.2026,144,PC,PF BAC RANGEMENT REF 23,BARFLOW_TA11
1000905427,TA11,PRD2,311,TR transf. dans div.,,4901255866,26.09.2026,-72,PC,PF PANNEAU PORTE GAUCHE REF 21,OPEXP03
1000905427,TA11,EXP2,311,TR transf. dans div.,,4901255866,26.09.2026,72,PC,PF PANNEAU PORTE GAUCHE REF 21,OPEXP03
1000921426,TA11,PRD2,311,TR transf. dans div.,,4901255869,26.09.2026,-200,PC,PF CONDUIT AIR 80MM REF 15,BARFLOW_TA11
1000921426,TA11,EXP2,311,TR transf. dans div.,,4901255869,26.09.2026,200,PC,PF CONDUIT AIR 80MM REF 15,BARFLOW_TA11
1000910625,TA11,EMRT,311,TR transf. dans div.,,4901255871,26.09.2026,-288,PC,PF ECROU PLASTIQUE M8 REF 29,OPEXP03
1000910625,TA11,EXP2,311,TR transf. dans div.,,4901255871,26.09.2026,288,PC,PF ECROU PLASTIQUE M8 REF 29,OPEXP03
1000905427,TA11,PRD2,311,TR transf. dans div.,,4901255874,26.09.2026,-72,PC,PF PANNEAU PORTE GAUCHE REF 21,BARFLOW_TA11
1000905427,TA11,EXP2,311,TR transf. dans div.,,4901255874,26.09.2026,72,PC,PF PANNEAU PORTE GAUCHE REF 21,BARFLOW_TA11
1000921426,TA11,PRD2,311,TR transf. dans div.,,4901255876,26.09.2026,-200,PC,PF CONDUIT AIR 80MM REF 15,BARFLOW_TA11
1000921426,TA11,EXP2,311,TR transf. dans div.,,4901255876,26.09.2026,200,PC,PF CONDUIT AIR 80MM REF 15,BARFLOW_TA11
1000887507,TA11,PRD2,311,TR transf. dans div.,,4901255878,26.09.2026,-600,KG,PF COMPOUND ABS VRAC OCTABIN,OPEXP02
1000887507,TA11,EXP2,311,TR transf. dans div.,,4901255878,26.09.2026,600,KG,PF COMPOUND ABS VRAC OCTABIN,OPEXP02
1000812390,TA11,PRD2,311,TR transf. dans div.,,4901255881,26.09.2026,-24,PC,PF CACHE MOTEUR REF 20,OPEXP02
1000812390,TA11,EXP2,311,TR transf. dans div.,,4901255881,26.09.2026,24,PC,PF CACHE MOTEUR REF 20,OPEXP02
1000778636,TA11,EMRT,311,TR transf. dans div.,,4901255882,26.09.2026,-144,PC,PF GRILLE AERATION BLANCHE REF 08,CHEFQUAI1
1000778636,TA11,EXP2,311,TR transf. dans div.,,4901255882,26.09.2026,144,PC,PF GRILLE AERATION BLANCHE REF 08,CHEFQUAI1
1000983322,TA11,PRD2,311,TR transf. dans div.,,4901255883,26.09.2026,-96,PC,PF POIGNEE PORTE CHROME REF 09,BARFLOW_TA11
1000983322,TA11,EXP2,311,TR transf. dans div.,,4901255883,26.09.2026,96,PC,PF POIGNEE PORTE CHROME REF 09,BARFLOW_TA11
1000954340,TA11,PRD2,311,TR transf. dans div.,,4901255894,26.09.2026,-480,PC,PF FILTRE HABITACLE REF 27,BARFLOW_TA11
1000954340,TA11,EXP2,311,TR transf. dans div.,,4901255894,26.09.2026,480,PC,PF FILTRE HABITACLE REF 27,BARFLOW_TA11
1000435003,TA11,PRD2,311,TR transf. dans div.,,4901255897,26.09.2026,-120,PC,PF CAPTEUR TEMPERATURE REF 17,BARFLOW_TA11
1000435003,TA11,EXP2,311,TR transf. dans div.,,4901255897,26.09.2026,120,PC,PF CAPTEUR TEMPERATURE REF 17,BARFLOW_TA11
1000102657,TA11,PRD2,311,TR transf. dans div.,,4901255903,26.09.2026,-144,PC,PF BAC RANGEMENT REF 23,BARFLOW_TA11
1000102657,TA11,EXP2,311,TR transf. dans div.,,4901255903,26.09.2026,144,PC,PF BAC RANGEMENT REF 23,BARFLOW_TA11
1000202814,TA11,EXP2,311,TR transf. dans div.,,4901255907,26.09.2026,-576,PC,PF CARTER PROTECTION NOIR REF 06,OPEXP03
1000202814,TA11,EMRT,311,TR transf. dans div.,,4901255907,26.09.2026,576,PC,PF CARTER PROTECTION NOIR REF 06,OPEXP03
1000818461,TA11,PRD2,311,TR transf. dans div.,,4901255909,26.09.2026,-36,PC,PF CONSOLE CENTRALE REF 24,BARFLOW_TA11
1000818461,TA11,EXP2,311,TR transf. dans div.,,4901255909,26.09.2026,36,PC,PF CONSOLE CENTRALE REF 24,BARFLOW_TA11
1000102657,TA11,PRD2,311,TR transf. dans div.,,4901255915,26.09.2026,-144,PC,PF BAC RANGEMENT REF 23,OPEXP02
1000102657,TA11,EXP2,311,TR transf. dans div.,,4901255915,26.09.2026,144,PC,PF BAC RANGEMENT REF 23,OPEXP02
1000429497,TA11,PRD2,311,TR transf. dans div.,,4901255919,26.09.2026,-96,PC,PF PANNEAU PORTE DROIT REF 22,BARFLOW_TA11
1000429497,TA11,EXP2,311,TR transf. dans div.,,4901255919,26.09.2026,96,PC,PF PANNEAU PORTE DROIT REF 22,BARFLOW_TA11
1000983322,TA11,EXP2,311,TR transf. dans div.,,4901255923,26.09.2026,-288,PC,PF POIGNEE PORTE CHROME REF 09,OPEXP03
1000983322,TA11,EMRT,311,TR transf. dans div.,,4901255923,26.09.2026,288,PC,PF POIGNEE PORTE CHROME REF 09,OPEXP03
1000102657,TA11,PRD2,311,TR transf. dans div.,,4901255933,26.09.2026,-144,PC,PF BAC RANGEMENT REF 23,BARFLOW_TA11
1000102657,TA11,EXP2,311,TR transf. dans div.,,4901255933,26.09.2026,144,PC,PF BAC RANGEMENT REF 23,BARFLOW_TA11
1000429497,TA11,PRD2,311,TR transf. dans div.,,4901255935,26.09.2026,-96,PC,PF PANNEAU PORTE DROIT REF 22,BARFLOW_TA11
1000429497,TA11,EXP2,311,TR transf. dans div.,,4901255935,26.09.2026,96,PC,PF PANNEAU PORTE DROIT REF 22,BARFLOW_TA11
1000429497,TA11,PRD2,311,TR transf. dans div.,,4901255937,26.09.2026,-96,PC,PF PANNEAU PORTE DROIT REF 22,BARFLOW_TA11
1000429497,TA11,EXP2,311,TR transf. dans div.,,4901255937,26.09.2026,96,PC,PF PANNEAU PORTE DROIT REF 22,BARFLOW_TA11
1000429497,TA11,PRD2,311,TR transf. dans div.,,4901255940,26.09.2026,-96,PC,PF PANNEAU PORTE DROIT REF 22,BARFLOW_TA11
1000429497,TA11,EXP2,311,TR transf. dans div.,,4901255940,26.09.2026,96,PC,PF PANNEAU PORTE DROIT REF 22,BARFLOW_TA11
1000102657,TA11,PRD2,311,TR transf. dans div.,,4901255943,26.09.2026,-144,PC,PF BAC RANGEMENT REF 23,BARFLOW_TA11
1000102657,TA11,EXP2,311,TR transf. dans div.,,4901255943,26.09.2026,144,PC,PF BAC RANGEMENT REF 23,BARFLOW_TA11
1000818461,TA11,PRD2,311,TR transf. dans div.,,4901255944,26.09.2026,-36,PC,PF CONSOLE CENTRALE REF 24,OPEXP03
1000818461,TA11,EXP2,311,TR transf. dans div.,,4901255944,26.09.2026,36,PC,PF CONSOLE CENTRALE REF 24,OPEXP03
1000102657,TA11,PRD2,311,TR transf. dans div.,,4901255948,26.09.2026,-144,PC,PF BAC RANGEMENT REF 23,BARFLOW_TA11
1000102657,TA11,EXP2,311,TR transf. dans div.,,4901255948,26.09.2026,144,PC,PF BAC RANGEMENT REF 23,BARFLOW_TA11
1000102657,TA11,PRD2,311,TR transf. dans div.,,4901255949,26.09.2026,-144,PC,PF BAC RANGEMENT REF 23,BARFLOW_TA11
1000102657,TA11,EXP2,311,TR transf. dans div.,,4901255949,26.09.2026,144,PC,PF BAC RANGEMENT REF 23,BARFLOW_TA11
1000914295,TA11,PRD2,311,TR transf. dans div.,,4901255953,26.09.2026,-320,PC,PF CONNECTEUR 4 VOIES REF 04,BARFLOW_TA11
1000914295,TA11,EXP2,311,TR transf. dans div.,,4901255953,26.09.2026,320,PC,PF CONNECTEUR 4 VOIES REF 04,BARFLOW_TA11
1000102657,TA11,PRD2,311,TR transf. dans div.,,4901255956,26.09.2026,-129,PC,PF BAC RANGEMENT REF 23,OPEXP01
1000102657,TA11,EXP2,311,TR transf. dans div.,,4901255956,26.09.2026,129,PC,PF BAC RANGEMENT REF 23,OPEXP01
1000778636,TA11,EMRT,311,TR transf. dans div.,,4901255970,26.09.2026,-144,PC,PF GRILLE AERATION BLANCHE REF 08,OPEXP01
1000778636,TA11,EXP2,311,TR transf. dans div.,,4901255970,26.09.2026,144,PC,PF GRILLE AERATION BLANCHE REF 08,OPEXP01
1000715011,TA11,EMRT,311,TR transf. dans div.,,4901255976,26.09.2026,-1500,KG,PF POUDRE EPOXY SAC 20KG,OPEXP03
1000715011,TA11,EXP2,311,TR transf. dans div.,,4901255976,26.09.2026,1500,KG,PF POUDRE EPOXY SAC 20KG,OPEXP03
1000216115,TA11,PRD2,311,TR transf. dans div.,,4901255985,26.09.2026,-480,PC,PF PLAQUE INSONORISANTE REF 33,OPEXP01
1000216115,TA11,EXP2,311,TR transf. dans div.,,4901255985,26.09.2026,480,PC,PF PLAQUE INSONORISANTE REF 33,OPEXP01
1000921426,TA11,EXP2,311,TR transf. dans div.,,4901255996,26.09.2026,-200,PC,PF CONDUIT AIR 80MM REF 15,OPEXP03
1000921426,TA11,EMRT,311,TR transf. dans div.,,4901255996,26.09.2026,200,PC,PF CONDUIT AIR 80MM REF 15,OPEXP03
1000216115,TA11,PRD2,311,TR transf. dans div.,,4901255998,26.09.2026,-327,PC,PF PLAQUE INSONORISANTE REF 33,BARFLOW_TA11
1000216115,TA11,EXP2,311,TR transf. dans div.,,4901255998,26.09.2026,327,PC,PF PLAQUE INSONORISANTE REF 33,BARFLOW_TA11
1000983322,TA11,PRD2,311,TR transf. dans div.,,4901256001,26.09.2026,-57,PC,PF POIGNEE PORTE CHROME REF 09,BARFLOW_TA11
1000983322,TA11,EXP2,311,TR transf. dans div.,,4901256001,26.09.2026,57,PC,PF POIGNEE PORTE CHROME REF 09,BARFLOW_TA11
1000983322,TA11,PRD2,311,TR transf. dans div.,,4901256004,26.09.2026,-96,PC,PF POIGNEE PORTE CHROME REF 09,BARFLOW_TA11
1000983322,TA11,EXP2,311,TR transf. dans div.,,4901256004,26.09.2026,96,PC,PF POIGNEE PORTE CHROME REF 09,BARFLOW_TA11
1000216115,TA11,PRD2,311,TR transf. dans div.,,4901256008,26.09.2026,-480,PC,PF PLAQUE INSONORISANTE REF 33,BARFLOW_TA11
1000216115,TA11,EXP2,311,TR transf. dans div.,,4901256008,26.09.2026,480,PC,PF PLAQUE INSONORISANTE REF 33,BARFLOW_TA11
1000983322,TA11,PRD2,311,TR transf. dans div.,,4901256011,26.09.2026,-96,PC,PF POIGNEE PORTE CHROME REF 09,BARFLOW_TA11
1000983322,TA11,EXP2,311,TR transf. dans div.,,4901256011,26.09.2026,96,PC,PF POIGNEE PORTE CHROME REF 09,BARFLOW_TA11
1000216115,TA11,PRD2,311,TR transf. dans div.,,4901256014,26.09.2026,-480,PC,PF PLAQUE INSONORISANTE REF 33,BARFLOW_TA11
1000216115,TA11,EXP2,311,TR transf. dans div.,,4901256014,26.09.2026,480,PC,PF PLAQUE INSONORISANTE REF 33,BARFLOW_TA11
1000914295,TA11,PRD2,311,TR transf. dans div.,,4901256022,26.09.2026,-320,PC,PF CONNECTEUR 4 VOIES REF 04,BARFLOW_TA11
1000914295,TA11,EXP2,311,TR transf. dans div.,,4901256022,26.09.2026,320,PC,PF CONNECTEUR 4 VOIES REF 04,BARFLOW_TA11
1000320436,TA11,PRD2,311,TR transf. dans div.,,4901256024,26.09.2026,-60,PC,PF JOINT ETANCHEITE 60MM REF 10,OPEXP01
1000320436,TA11,EXP2,311,TR transf. dans div.,,4901256024,26.09.2026,60,PC,PF JOINT ETANCHEITE 60MM REF 10,OPEXP01
1000184644,TA11,PRD2,311,TR transf. dans div.,,4901256028,26.09.2026,-200,PC,PF RESERVOIR LAVE-GLACE REF 18,BARFLOW_TA11
1000184644,TA11,EXP2,311,TR transf. dans div.,,4901256028,26.09.2026,200,PC,PF RESERVOIR LAVE-GLACE REF 18,BARFLOW_TA11
1000983322,TA11,PRD2,311,TR transf. dans div.,,4901256030,26.09.2026,-96,PC,PF POIGNEE PORTE CHROME REF 09,BARFLOW_TA11
1000983322,TA11,EXP2,311,TR transf. dans div.,,4901256030,26.09.2026,96,PC,PF POIGNEE PORTE CHROME REF 09,BARFLOW_TA11
1000983322,TA11,PRD2,311,TR transf. dans div.,,4901256034,26.09.2026,-96,PC,PF POIGNEE PORTE CHROME REF 09,BARFLOW_TA11
1000983322,TA11,EXP2,311,TR transf. dans div.,,4901256034,26.09.2026,96,PC,PF POIGNEE PORTE CHROME REF 09,BARFLOW_TA11
1000320436,TA11,PRD2,311,TR transf. dans div.,,4901256039,26.09.2026,-60,PC,PF JOINT ETANCHEITE 60MM REF 10,BARFLOW_TA11
1000320436,TA11,EXP2,311,TR transf. dans div.,,4901256039,26.09.2026,60,PC,PF JOINT ETANCHEITE 60MM REF 10,BARFLOW_TA11
1000320436,TA11,PRD2,311,TR transf. dans div.,,4901256041,26.09.2026,-60,PC,PF JOINT ETANCHEITE 60MM REF 10,BARFLOW_TA11
1000320436,TA11,EXP2,311,TR transf. dans div.,,4901256041,26.09.2026,60,PC,PF JOINT ETANCHEITE 60MM REF 10,BARFLOW_TA11
1000184644,TA11,PRD2,311,TR transf. dans div.,,4901256042,26.09.2026,-200,PC,PF RESERVOIR LAVE-GLACE REF 18,BARFLOW_TA11
1000184644,TA11,EXP2,311,TR transf. dans div.,,4901256042,26.09.2026,200,PC,PF RESERVOIR LAVE-GLACE REF 18,BARFLOW_TA11
1000216115,TA11,PRD2,311,TR transf. dans div.,,4901256043,26.09.2026,-480,PC,PF PLAQUE INSONORISANTE REF 33,OPEXP03
1000216115,TA11,EXP2,311,TR transf. dans div.,,4901256043,26.09.2026,480,PC,PF PLAQUE INSONORISANTE REF 33,OPEXP03
1000184644,TA11,PRD2,311,TR transf. dans div.,,4901256048,26.09.2026,-200,PC,PF RESERVOIR LAVE-GLACE REF 18,BARFLOW_TA11
1000184644,TA11,EXP2,311,TR transf. dans div.,,4901256048,26.09.2026,200,PC,PF RESERVOIR LAVE-GLACE REF 18,BARFLOW_TA11
1000910625,TA11,EXP2,311,TR transf. dans div.,,4901256050,26.09.2026,-144,PC,PF ECROU PLASTIQUE M8 REF 29,OPEXP02
1000910625,TA11,EMRT,311,TR transf. dans div.,,4901256050,26.09.2026,144,PC,PF ECROU PLASTIQUE M8 REF 29,OPEXP02
1000320436,TA11,PRD2,311,TR transf. dans div.,,4901256051,26.09.2026,-60,PC,PF JOINT ETANCHEITE 60MM REF 10,OPEXP03
1000320436,TA11,EXP2,311,TR transf. dans div.,,4901256051,26.09.2026,60,PC,PF JOINT ETANCHEITE 60MM REF 10,OPEXP03
1000184644,TA11,PRD2,311,TR transf. dans div.,,4901256054,26.09.2026,-200,PC,PF RESERVOIR LAVE-GLACE REF 18,BARFLOW_TA11
1000184644,TA11,EXP2,311,TR transf. dans div.,,4901256054,26.09.2026,200,PC,PF RESERVOIR LAVE-GLACE REF 18,BARFLOW_TA11
1000751673,TA11,PRD2,311,TR transf. dans div.,,4901256057,26.09.2026,-200,PC,PF BOUCHON RESERVOIR REF 07,BARFLOW_TA11
1000751673,TA11,EXP2,311,TR transf. dans div.,,4901256057,26.09.2026,200,PC,PF BOUCHON RESERVOIR REF 07,BARFLOW_TA11
1000751673,TA11,PRD2,311,TR transf. dans div.,,4901256060,26.09.2026,-200,PC,PF BOUCHON RESERVOIR REF 07,BARFLOW_TA11
1000751673,TA11,EXP2,311,TR transf. dans div.,,4901256060,26.09.2026,200,PC,PF BOUCHON RESERVOIR REF 07,BARFLOW_TA11
1000184644,TA11,PRD2,311,TR transf. dans div.,,4901256062,26.09.2026,-200,PC,PF RESERVOIR LAVE-GLACE REF 18,BARFLOW_TA11
1000184644,TA11,EXP2,311,TR transf. dans div.,,4901256062,26.09.2026,200,PC,PF RESERVOIR LAVE-GLACE REF 18,BARFLOW_TA11
1000184644,TA11,PRD2,311,TR transf. dans div.,,4901256064,26.09.2026,-200,PC,PF RESERVOIR LAVE-GLACE REF 18,BARFLOW_TA11
1000184644,TA11,EXP2,311,TR transf. dans div.,,4901256064,26.09.2026,200,PC,PF RESERVOIR LAVE-GLACE REF 18,BARFLOW_TA11
1000818461,TA11,PRD2,311,TR transf. dans div.,,4901256082,26.09.2026,-36,PC,PF CONSOLE CENTRALE REF 24,BARFLOW_TA11
1000818461,TA11,EXP2,311,TR transf. dans div.,,4901256082,26.09.2026,36,PC,PF CONSOLE CENTRALE REF 24,BARFLOW_TA11
1000184644,TA11,PRD2,311,TR transf. dans div.,,4901256086,26.09.2026,-200,PC,PF RESERVOIR LAVE-GLACE REF 18,BARFLOW_TA11
1000184644,TA11,EXP2,311,TR transf. dans div.,,4901256086,26.09.2026,200,PC,PF RESERVOIR LAVE-GLACE REF 18,BARFLOW_TA11
1000778636,TA11,PRD2,311,TR transf. dans div.,,4901256089,26.09.2026,-144,PC,PF GRILLE AERATION BLANCHE REF 08,OPEXP01
1000778636,TA11,EXP2,311,TR transf. dans div.,,4901256089,26.09.2026,144,PC,PF GRILLE AERATION BLANCHE REF 08,OPEXP01
1000818461,TA11,PRD2,311,TR transf. dans div.,,4901256092,26.09.2026,-36,PC,PF CONSOLE CENTRALE REF 24,BARFLOW_TA11
1000818461,TA11,EXP2,311,TR transf. dans div.,,4901256092,26.09.2026,36,PC,PF CONSOLE CENTRALE REF 24,BARFLOW_TA11
1000818461,TA11,PRD2,311,TR transf. dans div.,,4901256094,26.09.2026,-36,PC,PF CONSOLE CENTRALE REF 24,BARFLOW_TA11
1000818461,TA11,EXP2,311,TR transf. dans div.,,4901256094,26.09.2026,36,PC,PF CONSOLE CENTRALE REF 24,BARFLOW_TA11
1000778636,TA11,PRD2,311,TR transf. dans div.,,4901256095,26.09.2026,-144,PC,PF GRILLE AERATION BLANCHE REF 08,BARFLOW_TA11
1000778636,TA11,EXP2,311,TR transf. dans div.,,4901256095,26.09.2026,144,PC,PF GRILLE AERATION BLANCHE REF 08,BARFLOW_TA11
1000778636,TA11,PRD2,311,TR transf. dans div.,,4901256096,26.09.2026,-144,PC,PF GRILLE AERATION BLANCHE REF 08,BARFLOW_TA11
1000778636,TA11,EXP2,311,TR transf. dans div.,,4901256096,26.09.2026,144,PC,PF GRILLE AERATION BLANCHE REF 08,BARFLOW_TA11
1000778636,TA11,PRD2,311,TR transf. dans div.,,4901256099,26.09.2026,-144,PC,PF GRILLE AERATION BLANCHE REF 08,BARFLOW_TA11
1000778636,TA11,EXP2,311,TR transf. dans div.,,4901256099,26.09.2026,144,PC,PF GRILLE AERATION BLANCHE REF 08,BARFLOW_TA11
1000541046,TA11,PRD2,311,TR transf. dans div.,,4901256102,26.09.2026,-144,PC,PF CLIP FIXATION X100 REF 30,BARFLOW_TA11
1000541046,TA11,EXP2,311,TR transf. dans div.,,4901256102,26.09.2026,144,PC,PF CLIP FIXATION X100 REF 30,BARFLOW_TA11
1000778636,TA11,PRD2,311,TR transf. dans div.,,4901256106,26.09.2026,-144,PC,PF GRILLE AERATION BLANCHE REF 08,BARFLOW_TA11
1000778636,TA11,EXP2,311,TR transf. dans div.,,4901256106,26.09.2026,144,PC,PF GRILLE AERATION BLANCHE REF 08,BARFLOW_TA11
1000320436,TA11,PRD2,311,TR transf. dans div.,,4901256108,26.09.2026,-60,PC,PF JOINT ETANCHEITE 60MM REF 10,BARFLOW_TA11
1000320436,TA11,EXP2,311,TR transf. dans div.,,4901256108,26.09.2026,60,PC,PF JOINT ETANCHEITE 60MM REF 10,BARFLOW_TA11
1000778636,TA11,PRD2,311,TR transf. dans div.,,4901256114,26.09.2026,-144,PC,PF GRILLE AERATION BLANCHE REF 08,BARFLOW_TA11
1000778636,TA11,EXP2,311,TR transf. dans div.,,4901256114,26.09.2026,144,PC,PF GRILLE AERATION BLANCHE REF 08,BARFLOW_TA11
1000778636,TA11,PRD2,311,TR transf. dans div.,,4901256115,26.09.2026,-144,PC,PF GRILLE AERATION BLANCHE REF 08,BARFLOW_TA11
1000778636,TA11,EXP2,311,TR transf. dans div.,,4901256115,26.09.2026,144,PC,PF GRILLE AERATION BLANCHE REF 08,BARFLOW_TA11
1000562521,TA11,PRD2,311,TR transf. dans div.,,4901256119,26.09.2026,-144,PC,PF BRIDE SERRAGE INOX REF 16,BARFLOW_TA11
1000562521,TA11,EXP2,311,TR transf. dans div.,,4901256119,26.09.2026,144,PC,PF BRIDE SERRAGE INOX REF 16,BARFLOW_TA11
1000562521,TA11,PRD2,311,TR transf. dans div.,,4901256120,26.09.2026,-144,PC,PF BRIDE SERRAGE INOX REF 16,BARFLOW_TA11
1000562521,TA11,EXP2,311,TR transf. dans div.,,4901256120,26.09.2026,144,PC,PF BRIDE SERRAGE INOX REF 16,BARFLOW_TA11
1000320436,TA11,PRD2,311,TR transf. dans div.,,4901256121,28.09.2026,-60,PC,PF JOINT ETANCHEITE 60MM REF 10,BARFLOW_TA11
1000320436,TA11,EXP2,311,TR transf. dans div.,,4901256121,28.09.2026,60,PC,PF JOINT ETANCHEITE 60MM REF 10,BARFLOW_TA11
1000320436,TA11,PRD2,311,TR transf. dans div.,,4901256133,28.09.2026,-60,PC,PF JOINT ETANCHEITE 60MM REF 10,BARFLOW_TA11
1000320436,TA11,EXP2,311,TR transf. dans div.,,4901256133,28.09.2026,60,PC,PF JOINT ETANCHEITE 60MM REF 10,BARFLOW_TA11
1000207622,TA11,PRD2,311,TR transf. dans div.,,4901256136,28.09.2026,-400,KG,PF GRANULE PE NOIR BIG BAG,BARFLOW_TA11
1000207622,TA11,EXP2,311,TR transf. dans div.,,4901256136,28.09.2026,400,KG,PF GRANULE PE NOIR BIG BAG,BARFLOW_TA11
1000207622,TA11,PRD2,311,TR transf. dans div.,,4901256137,28.09.2026,-400,KG,PF GRANULE PE NOIR BIG BAG,BARFLOW_TA11
1000207622,TA11,EXP2,311,TR transf. dans div.,,4901256137,28.09.2026,400,KG,PF GRANULE PE NOIR BIG BAG,BARFLOW_TA11
1000207622,TA11,PRD2,311,TR transf. dans div.,,4901256138,28.09.2026,-400,KG,PF GRANULE PE NOIR BIG BAG,BARFLOW_TA11
1000207622,TA11,EXP2,311,TR transf. dans div.,,4901256138,28.09.2026,400,KG,PF GRANULE PE NOIR BIG BAG,BARFLOW_TA11
1000541046,TA11,PRD2,311,TR transf. dans div.,,4901256140,28.09.2026,-144,PC,PF CLIP FIXATION X100 REF 30,OPEXP03
1000541046,TA11,EXP2,311,TR transf. dans div.,,4901256140,28.09.2026,144,PC,PF CLIP FIXATION X100 REF 30,OPEXP03
1000541046,TA11,PRD2,311,TR transf. dans div.,,4901256144,28.09.2026,-144,PC,PF CLIP FIXATION X100 REF 30,BARFLOW_TA11
1000541046,TA11,EXP2,311,TR transf. dans div.,,4901256144,28.09.2026,144,PC,PF CLIP FIXATION X100 REF 30,BARFLOW_TA11
1000562521,TA11,PRD2,311,TR transf. dans div.,,4901256150,28.09.2026,-144,PC,PF BRIDE SERRAGE INOX REF 16,OPEXP03
1000562521,TA11,EXP2,311,TR transf. dans div.,,4901256150,28.09.2026,144,PC,PF BRIDE SERRAGE INOX REF 16,OPEXP03
1000905427,TA11,PRD2,311,TR transf. dans div.,,4901256154,28.09.2026,-72,PC,PF PANNEAU PORTE GAUCHE REF 21,BARFLOW_TA11
1000905427,TA11,EXP2,311,TR transf. dans div.,,4901256154,28.09.2026,72,PC,PF PANNEAU PORTE GAUCHE REF 21,BARFLOW_TA11
1000614102,TA11,PRD2,311,TR transf. dans div.,,4901256156,28.09.2026,-42,PC,PF SUPPORT FIXATION ACIER REF 03,BARFLOW_TA11
1000614102,TA11,EXP2,311,TR transf. dans div.,,4901256156,28.09.2026,42,PC,PF SUPPORT FIXATION ACIER REF 03,BARFLOW_TA11
1000866025,TA11,PRD2,311,TR transf. dans div.,,4901256160,28.09.2026,-116,PC,PF GAINE ELECTRIQUE 25MM REF 25,OPEXP01
1000866025,TA11,EXP2,311,TR transf. dans div.,,4901256160,28.09.2026,116,PC,PF GAINE ELECTRIQUE 25MM REF 25,OPEXP01
1000207622,TA11,PRD2,311,TR transf. dans div.,,4901256163,28.09.2026,-400,KG,PF GRANULE PE NOIR BIG BAG,BARFLOW_TA11
1000207622,TA11,EXP2,311,TR transf. dans div.,,4901256163,28.09.2026,400,KG,PF GRANULE PE NOIR BIG BAG,BARFLOW_TA11
1000207622,TA11,PRD2,311,TR transf. dans div.,,4901256164,28.09.2026,-400,KG,PF GRANULE PE NOIR BIG BAG,BARFLOW_TA11
1000207622,TA11,EXP2,311,TR transf. dans div.,,4901256164,28.09.2026,400,KG,PF GRANULE PE NOIR BIG BAG,BARFLOW_TA11
1000866025,TA11,PRD2,311,TR transf. dans div.,,4901256167,28.09.2026,-144,PC,PF GAINE ELECTRIQUE 25MM REF 25,BARFLOW_TA11
1000866025,TA11,EXP2,311,TR transf. dans div.,,4901256167,28.09.2026,144,PC,PF GAINE ELECTRIQUE 25MM REF 25,BARFLOW_TA11
1000751673,TA11,PRD2,311,TR transf. dans div.,,4901256170,28.09.2026,-200,PC,PF BOUCHON RESERVOIR REF 07,OPEXP02
1000751673,TA11,EXP2,311,TR transf. dans div.,,4901256170,28.09.2026,200,PC,PF BOUCHON RESERVOIR REF 07,OPEXP02
1000614102,TA11,PRD2,311,TR transf. dans div.,,4901256181,28.09.2026,-48,PC,PF SUPPORT FIXATION ACIER REF 03,BARFLOW_TA11
1000614102,TA11,EXP2,311,TR transf. dans div.,,4901256181,28.09.2026,48,PC,PF SUPPORT FIXATION ACIER REF 03,BARFLOW_TA11
1000614102,TA11,PRD2,311,TR transf. dans div.,,4901256188,28.09.2026,-48,PC,PF SUPPORT FIXATION ACIER REF 03,BARFLOW_TA11
1000614102,TA11,EXP2,311,TR transf. dans div.,,4901256188,28.09.2026,48,PC,PF SUPPORT FIXATION ACIER REF 03,BARFLOW_TA11
1000541046,TA11,PRD2,311,TR transf. dans div.,,4901256192,28.09.2026,-144,PC,PF CLIP FIXATION X100 REF 30,OPEXP03
1000541046,TA11,EXP2,311,TR transf. dans div.,,4901256192,28.09.2026,144,PC,PF CLIP FIXATION X100 REF 30,OPEXP03
1000921426,TA11,PRD2,311,TR transf. dans div.,,4901256193,28.09.2026,-200,PC,PF CONDUIT AIR 80MM REF 15,BARFLOW_TA11
1000921426,TA11,EXP2,311,TR transf. dans div.,,4901256193,28.09.2026,200,PC,PF CONDUIT AIR 80MM REF 15,BARFLOW_TA11
1000401193,TA11,PRD2,311,TR transf. dans div.,,4901256202,28.09.2026,-240,PC,PF FAISCEAU CABLE 1M2 REF 05,BARFLOW_TA11
1000401193,TA11,EXP2,311,TR transf. dans div.,,4901256202,28.09.2026,240,PC,PF FAISCEAU CABLE 1M2 REF 05,BARFLOW_TA11
1000435003,TA11,EXP2,311,TR transf. dans div.,,4901256203,28.09.2026,-360,PC,PF CAPTEUR TEMPERATURE REF 17,OPEXP02
1000435003,TA11,EMRT,311,TR transf. dans div.,,4901256203,28.09.2026,360,PC,PF CAPTEUR TEMPERATURE REF 17,OPEXP02
1000334130,TA11,PRD2,311,TR transf. dans div.,,4901256208,28.09.2026,-480,PC,PF PLATINE ELECTRONIQUE REF 12,BARFLOW_TA11
1000334130,TA11,EXP2,311,TR transf. dans div.,,4901256208,28.09.2026,480,PC,PF PLATINE ELECTRONIQUE REF 12,BARFLOW_TA11
1000334130,TA11,PRD2,311,TR transf. dans div.,,4901256211,28.09.2026,-480,PC,PF PLATINE ELECTRONIQUE REF 12,BARFLOW_TA11
1000334130,TA11,EXP2,311,TR transf. dans div.,,4901256211,28.09.2026,480,PC,PF PLATINE ELECTRONIQUE REF 12,BARFLOW_TA11
1000102657,TA11,PRD2,311,TR transf. dans div.,,4901256214,28.09.2026,-144,PC,PF BAC RANGEMENT REF 23,BARFLOW_TA11
1000102657,TA11,EXP2,311,TR transf. dans div.,,4901256214,28.09.2026,144,PC,PF BAC RANGEMENT REF 23,BARFLOW_TA11
1000334130,TA11,PRD2,311,TR transf. dans div.,,4901256215,28.09.2026,-480,PC,PF PLATINE ELECTRONIQUE REF 12,BARFLOW_TA11
1000334130,TA11,EXP2,311,TR transf. dans div.,,4901256215,28.09.2026,480,PC,PF PLATINE ELECTRONIQUE REF 12,BARFLOW_TA11
1000216115,TA11,PRD2,311,TR transf. dans div.,,4901256221,28.09.2026,-480,PC,PF PLAQUE INSONORISANTE REF 33,BARFLOW_TA11
1000216115,TA11,EXP2,311,TR transf. dans div.,,4901256221,28.09.2026,480,PC,PF PLAQUE INSONORISANTE REF 33,BARFLOW_TA11
1000112046,TA11,EMRT,311,TR transf. dans div.,,4901256228,28.09.2026,-288,PC,PF ENJOLIVEUR LATERAL REF 14,OPEXP03
1000112046,TA11,EXP2,311,TR transf. dans div.,,4901256228,28.09.2026,288,PC,PF ENJOLIVEUR LATERAL REF 14,OPEXP03
1000102657,TA11,PRD2,311,TR transf. dans div.,,4901256232,28.09.2026,-144,PC,PF BAC RANGEMENT REF 23,BARFLOW_TA11
1000102657,TA11,EXP2,311,TR transf. dans div.,,4901256232,28.09.2026,144,PC,PF BAC RANGEMENT REF 23,BARFLOW_TA11
1000334130,TA11,PRD2,311,TR transf. dans div.,,4901256234,28.09.2026,-480,PC,PF PLATINE ELECTRONIQUE REF 12,BARFLOW_TA11
1000334130,TA11,EXP2,311,TR transf. dans div.,,4901256234,28.09.2026,480,PC,PF PLATINE ELECTRONIQUE REF 12,BARFLOW_TA11
1000401193,TA11,PRD2,311,TR transf. dans div.,,4901256239,28.09.2026,-240,PC,PF FAISCEAU CABLE 1M2 REF 05,BARFLOW_TA11
1000401193,TA11,EXP2,311,TR transf. dans div.,,4901256239,28.09.2026,240,PC,PF FAISCEAU CABLE 1M2 REF 05,BARFLOW_TA11
1000818461,TA11,PRD2,311,TR transf. dans div.,,4901256246,28.09.2026,-36,PC,PF CONSOLE CENTRALE REF 24,BARFLOW_TA11
1000818461,TA11,EXP2,311,TR transf. dans div.,,4901256246,28.09.2026,36,PC,PF CONSOLE CENTRALE REF 24,BARFLOW_TA11
1000401193,TA11,PRD2,311,TR transf. dans div.,,4901256250,28.09.2026,-240,PC,PF FAISCEAU CABLE 1M2 REF 05,OPEXP01
1000401193,TA11,EXP2,311,TR transf. dans div.,,4901256250,28.09.2026,240,PC,PF FAISCEAU CABLE 1M2 REF 05,OPEXP01
1000334130,TA11,PRD2,311,TR transf. dans div.,,4901256254,28.09.2026,-480,PC,PF PLATINE ELECTRONIQUE REF 12,BARFLOW_TA11
1000334130,TA11,EXP2,311,TR transf. dans div.,,4901256254,28.09.2026,480,PC,PF PLATINE ELECTRONIQUE REF 12,BARFLOW_TA11
1000956436,TA11,PRD2,311,TR transf. dans div.,,4901256258,28.09.2026,-600,KG,PF MELANGE MAITRE BLANC SAC,OPEXP03
1000956436,TA11,EXP2,311,TR transf. dans div.,,4901256258,28.09.2026,600,KG,PF MELANGE MAITRE BLANC SAC,OPEXP03
1000956436,TA11,PRD2,311,TR transf. dans div.,,4901256260,28.09.2026,-600,KG,PF MELANGE MAITRE BLANC SAC,BARFLOW_TA11
1000956436,TA11,EXP2,311,TR transf. dans div.,,4901256260,28.09.2026,600,KG,PF MELANGE MAITRE BLANC SAC,BARFLOW_TA11
1000334130,TA11,PRD2,311,TR transf. dans div.,,4901256261,28.09.2026,-480,PC,PF PLATINE ELECTRONIQUE REF 12,BARFLOW_TA11
1000334130,TA11,EXP2,311,TR transf. dans div.,,4901256261,28.09.2026,480,PC,PF PLATINE ELECTRONIQUE REF 12,BARFLOW_TA11
1000401193,TA11,PRD2,311,TR transf. dans div.,,4901256266,28.09.2026,-240,PC,PF FAISCEAU CABLE 1M2 REF 05,OPEXP03
1000401193,TA11,EXP2,311,TR transf. dans div.,,4901256266,28.09.2026,240,PC,PF FAISCEAU CABLE 1M2 REF 05,OPEXP03
1000334130,TA11,PRD2,311,TR transf. dans div.,,4901256267,28.09.2026,-480,PC,PF PLATINE ELECTRONIQUE REF 12,BARFLOW_TA11
1000334130,TA11,EXP2,311,TR transf. dans div.,,4901256267,28.09.2026,480,PC,PF PLATINE ELECTRONIQUE REF 12,BARFLOW_TA11
1000956436,TA11,PRD2,311,TR transf. dans div.,,4901256272,28.09.2026,-600,KG,PF MELANGE MAITRE BLANC SAC,BARFLOW_TA11
1000956436,TA11,EXP2,311,TR transf. dans div.,,4901256272,28.09.2026,600,KG,PF MELANGE MAITRE BLANC SAC,BARFLOW_TA11
1000956436,TA11,PRD2,311,TR transf. dans div.,,4901256274,28.09.2026,-600,KG,PF MELANGE MAITRE BLANC SAC,BARFLOW_TA11
1000956436,TA11,EXP2,311,TR transf. dans div.,,4901256274,28.09.2026,600,KG,PF MELANGE MAITRE BLANC SAC,BARFLOW_TA11
1000401193,TA11,PRD2,311,TR transf. dans div.,,4901256284,28.09.2026,-240,PC,PF FAISCEAU CABLE 1M2 REF 05,BARFLOW_TA11
1000401193,TA11,EXP2,311,TR transf. dans div.,,4901256284,28.09.2026,240,PC,PF FAISCEAU CABLE 1M2 REF 05,BARFLOW_TA11
1000956436,TA11,PRD2,311,TR transf. dans div.,,4901256287,28.09.2026,-600,KG,PF MELANGE MAITRE BLANC SAC,BARFLOW_TA11
1000956436,TA11,EXP2,311,TR transf. dans div.,,4901256287,28.09.2026,600,KG,PF MELANGE MAITRE BLANC SAC,BARFLOW_TA11
1000202814,TA11,EMRT,311,TR transf. dans div.,,4901256308,28.09.2026,-288,PC,PF CARTER PROTECTION NOIR REF 06,CHEFQUAI1
1000202814,TA11,EXP2,311,TR transf. dans div.,,4901256308,28.09.2026,288,PC,PF CARTER PROTECTION NOIR REF 06,CHEFQUAI1
1000351589,TA11,PRD2,311,TR transf. dans div.,,4901256315,28.09.2026,-48,PC,PF BOITIER COMMANDE REF 31,BARFLOW_TA11
1000351589,TA11,EXP2,311,TR transf. dans div.,,4901256315,28.09.2026,48,PC,PF BOITIER COMMANDE REF 31,BARFLOW_TA11
1000887507,TA11,PRD2,311,TR transf. dans div.,,4901256318,28.09.2026,-600,KG,PF COMPOUND ABS VRAC OCTABIN,BARFLOW_TA11
1000887507,TA11,EXP2,311,TR transf. dans div.,,4901256318,28.09.2026,600,KG,PF COMPOUND ABS VRAC OCTABIN,BARFLOW_TA11
1000334130,TA11,PRD2,311,TR transf. dans div.,,4901256320,28.09.2026,-480,PC,PF PLATINE ELECTRONIQUE REF 12,BARFLOW_TA11
1000334130,TA11,EXP2,311,TR transf. dans div.,,4901256320,28.09.2026,480,PC,PF PLATINE ELECTRONIQUE REF 12,BARFLOW_TA11
1000956436,TA11,PRD2,311,TR transf. dans div.,,4901256322,28.09.2026,-600,KG,PF MELANGE MAITRE BLANC SAC,BARFLOW_TA11
1000956436,TA11,EXP2,311,TR transf. dans div.,,4901256322,28.09.2026,600,KG,PF MELANGE MAITRE BLANC SAC,BARFLOW_TA11
1000351589,TA11,PRD2,311,TR transf. dans div.,,4901256327,28.09.2026,-48,PC,PF BOITIER COMMANDE REF 31,BARFLOW_TA11
1000351589,TA11,EXP2,311,TR transf. dans div.,,4901256327,28.09.2026,48,PC,PF BOITIER COMMANDE REF 31,BARFLOW_TA11
1000351589,TA11,PRD2,311,TR transf. dans div.,,4901256332,28.09.2026,-48,PC,PF BOITIER COMMANDE REF 31,BARFLOW_TA11
1000351589,TA11,EXP2,311,TR transf. dans div.,,4901256332,28.09.2026,48,PC,PF BOITIER COMMANDE REF 31,BARFLOW_TA11
1000351589,TA11,PRD2,311,TR transf. dans div.,,4901256335,28.09.2026,-48,PC,PF BOITIER COMMANDE REF 31,OPEXP02
1000351589,TA11,EXP2,311,TR transf. dans div.,,4901256335,28.09.2026,48,PC,PF BOITIER COMMANDE REF 31,OPEXP02
1000224906,TA11,PRD2,311,TR transf. dans div.,,4901256337,28.09.2026,-144,PC,PF COUVERCLE BATTERIE REF 13,BARFLOW_TA11
1000224906,TA11,EXP2,311,TR transf. dans div.,,4901256337,28.09.2026,144,PC,PF COUVERCLE BATTERIE REF 13,BARFLOW_TA11
1000351589,TA11,PRD2,311,TR transf. dans div.,,4901256339,28.09.2026,-48,PC,PF BOITIER COMMANDE REF 31,BARFLOW_TA11
1000351589,TA11,EXP2,311,TR transf. dans div.,,4901256339,28.09.2026,48,PC,PF BOITIER COMMANDE REF 31,BARFLOW_TA11
1000887507,TA11,PRD2,311,TR transf. dans div.,,4901256347,28.09.2026,-600,KG,PF COMPOUND ABS VRAC OCTABIN,BARFLOW_TA11
1000887507,TA11,EXP2,311,TR transf. dans div.,,4901256347,28.09.2026,600,KG,PF COMPOUND ABS VRAC OCTABIN,BARFLOW_TA11
1000351589,TA11,PRD2,311,TR transf. dans div.,,4901256348,28.09.2026,-48,PC,PF BOITIER COMMANDE REF 31,BARFLOW_TA11
1000351589,TA11,EXP2,311,TR transf. dans div.,,4901256348,28.09.2026,48,PC,PF BOITIER COMMANDE REF 31,BARFLOW_TA11
1000887507,TA11,PRD2,311,TR transf. dans div.,,4901256353,28.09.2026,-600,KG,PF COMPOUND ABS VRAC OCTABIN,OPEXP03
1000887507,TA11,EXP2,311,TR transf. dans div.,,4901256353,28.09.2026,600,KG,PF COMPOUND ABS VRAC OCTABIN,OPEXP03
1000887507,TA11,PRD2,311,TR transf. dans div.,,4901256355,28.09.2026,-600,KG,PF COMPOUND ABS VRAC OCTABIN,OPEXP01
1000887507,TA11,EXP2,311,TR transf. dans div.,,4901256355,28.09.2026,600,KG,PF COMPOUND ABS VRAC OCTABIN,OPEXP01
1000954340,TA11,PRD2,311,TR transf. dans div.,,4901256360,28.09.2026,-480,PC,PF FILTRE HABITACLE REF 27,BARFLOW_TA11
1000954340,TA11,EXP2,311,TR transf. dans div.,,4901256360,28.09.2026,480,PC,PF FILTRE HABITACLE REF 27,BARFLOW_TA11
1000887507,TA11,PRD2,311,TR transf. dans div.,,4901256361,28.09.2026,-443.5,KG,PF COMPOUND ABS VRAC OCTABIN,BARFLOW_TA11
1000887507,TA11,EXP2,311,TR transf. dans div.,,4901256361,28.09.2026,443.5,KG,PF COMPOUND ABS VRAC OCTABIN,BARFLOW_TA11
1000674421,TA11,PRD2,311,TR transf. dans div.,,4901256372,28.09.2026,-750,KG,PF GRANULE PP SAC 25KG,BARFLOW_TA11
1000674421,TA11,EXP2,311,TR transf. dans div.,,4901256372,28.09.2026,750,KG,PF GRANULE PP SAC 25KG,BARFLOW_TA11
1000954340,TA11,PRD2,311,TR transf. dans div.,,4901256374,28.09.2026,-480,PC,PF FILTRE HABITACLE REF 27,OPEXP03
1000954340,TA11,EXP2,311,TR transf. dans div.,,4901256374,28.09.2026,480,PC,PF FILTRE HABITACLE REF 27,OPEXP03
1000910625,TA11,EXP2,311,TR transf. dans div.,,4901256376,28.09.2026,-216,PC,PF ECROU PLASTIQUE M8 REF 29,OPEXP01
1000910625,TA11,EMRT,311,TR transf. dans div.,,4901256376,28.09.2026,216,PC,PF ECROU PLASTIQUE M8 REF 29,OPEXP01
1000674421,TA11,PRD2,311,TR transf. dans div.,,4901256378,28.09.2026,-750,KG,PF GRANULE PP SAC 25KG,BARFLOW_TA11
1000674421,TA11,EXP2,311,TR transf. dans div.,,4901256378,28.09.2026,750,KG,PF GRANULE PP SAC 25KG,BARFLOW_TA11
1000954340,TA11,PRD2,311,TR transf. dans div.,,4901256379,28.09.2026,-480,PC,PF FILTRE HABITACLE REF 27,BARFLOW_TA11
1000954340,TA11,EXP2,311,TR transf. dans div.,,4901256379,28.09.2026,480,PC,PF FILTRE HABITACLE REF 27,BARFLOW_TA11
1000778636,TA11,PRD2,311,TR transf. dans div.,,4901256380,28.09.2026,-144,PC,PF GRILLE AERATION BLANCHE REF 08,OPEXP03
1000778636,TA11,EXP2,311,TR transf. dans div.,,4901256380,28.09.2026,144,PC,PF GRILLE AERATION BLANCHE REF 08,OPEXP03
1000954340,TA11,PRD2,311,TR transf. dans div.,,4901256385,28.09.2026,-480,PC,PF FILTRE HABITACLE REF 27,OPEXP01
1000954340,TA11,EXP2,311,TR transf. dans div.,,4901256385,28.09.2026,480,PC,PF FILTRE HABITACLE REF 27,OPEXP01
1000674421,TA11,PRD2,311,TR transf. dans div.,,4901256387,28.09.2026,-750,KG,PF GRANULE PP SAC 25KG,BARFLOW_TA11
1000674421,TA11,EXP2,311,TR transf. dans div.,,4901256387,28.09.2026,750,KG,PF GRANULE PP SAC 25KG,BARFLOW_TA11
1000983322,TA11,EXP2,311,TR transf. dans div.,,4901256390,28.09.2026,-192,PC,PF POIGNEE PORTE CHROME REF 09,OPEXP01
1000983322,TA11,EMRT,311,TR transf. dans div.,,4901256390,28.09.2026,192,PC,PF POIGNEE PORTE CHROME REF 09,OPEXP01
1000778636,TA11,PRD2,311,TR transf. dans div.,,4901256391,28.09.2026,-144,PC,PF GRILLE AERATION BLANCHE REF 08,BARFLOW_TA11
1000778636,TA11,EXP2,311,TR transf. dans div.,,4901256391,28.09.2026,144,PC,PF GRILLE AERATION BLANCHE REF 08,BARFLOW_TA11
1000674421,TA11,PRD2,311,TR transf. dans div.,,4901256393,28.09.2026,-750,KG,PF GRANULE PP SAC 25KG,BARFLOW_TA11
1000674421,TA11,EXP2,311,TR transf. dans div.,,4901256393,28.09.2026,750,KG,PF GRANULE PP SAC 25KG,BARFLOW_TA11
1000778636,TA11,PRD2,311,TR transf. dans div.,,4901256395,28.09.2026,-144,PC,PF GRILLE AERATION BLANCHE REF 08,BARFLOW_TA11
1000778636,TA11,EXP2,311,TR transf. dans div.,,4901256395,28.09.2026,144,PC,PF GRILLE AERATION BLANCHE REF 08,BARFLOW_TA11
1000778636,TA11,PRD2,311,TR transf. dans div.,,4901256397,28.09.2026,-144,PC,PF GRILLE AERATION BLANCHE REF 08,BARFLOW_TA11
1000778636,TA11,EXP2,311,TR transf. dans div.,,4901256397,28.09.2026,144,PC,PF GRILLE AERATION BLANCHE REF 08,BARFLOW_TA11
1000778636,TA11,PRD2,311,TR transf. dans div.,,4901256400,28.09.2026,-144,PC,PF GRILLE AERATION BLANCHE REF 08,BARFLOW_TA11
1000778636,TA11,EXP2,311,TR transf. dans div.,,4901256400,28.09.2026,144,PC,PF GRILLE AERATION BLANCHE REF 08,BARFLOW_TA11
1000778636,TA11,PRD2,311,TR transf. dans div.,,4901256402,28.09.2026,-144,PC,PF GRILLE AERATION BLANCHE REF 08,BARFLOW_TA11
1000778636,TA11,EXP2,311,TR transf. dans div.,,4901256402,28.09.2026,144,PC,PF GRILLE AERATION BLANCHE REF 08,BARFLOW_TA11
1000674421,TA11,PRD2,311,TR transf. dans div.,,4901256405,28.09.2026,-750,KG,PF GRANULE PP SAC 25KG,BARFLOW_TA11
1000674421,TA11,EXP2,311,TR transf. dans div.,,4901256405,28.09.2026,750,KG,PF GRANULE PP SAC 25KG,BARFLOW_TA11
1000351589,TA11,PRD2,311,TR transf. dans div.,,4901256411,29.09.2026,-48,PC,PF BOITIER COMMANDE REF 31,BARFLOW_TA11
1000351589,TA11,EXP2,311,TR transf. dans div.,,4901256411,29.09.2026,48,PC,PF BOITIER COMMANDE REF 31,BARFLOW_TA11
1000887507,TA11,PRD2,311,TR transf. dans div.,,4901256415,29.09.2026,-600,KG,PF COMPOUND ABS VRAC OCTABIN,BARFLOW_TA11
1000887507,TA11,EXP2,311,TR transf. dans div.,,4901256415,29.09.2026,600,KG,PF COMPOUND ABS VRAC OCTABIN,BARFLOW_TA11
1000351589,TA11,PRD2,311,TR transf. dans div.,,4901256418,29.09.2026,-48,PC,PF BOITIER COMMANDE REF 31,OPEXP03
1000351589,TA11,EXP2,311,TR transf. dans div.,,4901256418,29.09.2026,48,PC,PF BOITIER COMMANDE REF 31,OPEXP03
1000334130,TA11,PRD2,311,TR transf. dans div.,,4901256427,29.09.2026,-480,PC,PF PLATINE ELECTRONIQUE REF 12,BARFLOW_TA11
1000334130,TA11,EXP2,311,TR transf. dans div.,,4901256427,29.09.2026,480,PC,PF PLATINE ELECTRONIQUE REF 12,BARFLOW_TA11
1000435003,TA11,PRD2,311,TR transf. dans div.,,4901256436,29.09.2026,-120,PC,PF CAPTEUR TEMPERATURE REF 17,OPEXP02
1000435003,TA11,EXP2,311,TR transf. dans div.,,4901256436,29.09.2026,120,PC,PF CAPTEUR TEMPERATURE REF 17,OPEXP02
1000351589,TA11,PRD2,311,TR transf. dans div.,,4901256438,29.09.2026,-48,PC,PF BOITIER COMMANDE REF 31,BARFLOW_TA11
1000351589,TA11,EXP2,311,TR transf. dans div.,,4901256438,29.09.2026,48,PC,PF BOITIER COMMANDE REF 31,BARFLOW_TA11
1000401193,TA11,PRD2,311,TR transf. dans div.,,4901256443,29.09.2026,-240,PC,PF FAISCEAU CABLE 1M2 REF 05,BARFLOW_TA11
1000401193,TA11,EXP2,311,TR transf. dans div.,,4901256443,29.09.2026,240,PC,PF FAISCEAU CABLE 1M2 REF 05,BARFLOW_TA11
1000435003,TA11,PRD2,311,TR transf. dans div.,,4901256445,29.09.2026,-120,PC,PF CAPTEUR TEMPERATURE REF 17,BARFLOW_TA11
1000435003,TA11,EXP2,311,TR transf. dans div.,,4901256445,29.09.2026,120,PC,PF CAPTEUR TEMPERATURE REF 17,BARFLOW_TA11
1000224906,TA11,PRD2,311,TR transf. dans div.,,4901256446,29.09.2026,-144,PC,PF COUVERCLE BATTERIE REF 13,BARFLOW_TA11
1000224906,TA11,EXP2,311,TR transf. dans div.,,4901256446,29.09.2026,144,PC,PF COUVERCLE BATTERIE REF 13,BARFLOW_TA11
1000224906,TA11,PRD2,311,TR transf. dans div.,,4901256447,29.09.2026,-144,PC,PF COUVERCLE BATTERIE REF 13,BARFLOW_TA11
1000224906,TA11,EXP2,311,TR transf. dans div.,,4901256447,29.09.2026,144,PC,PF COUVERCLE BATTERIE REF 13,BARFLOW_TA11
1000207622,TA11,PRD2,311,TR transf. dans div.,,4901256448,29.09.2026,-400,KG,PF GRANULE PE NOIR BIG BAG,BARFLOW_TA11
1000207622,TA11,EXP2,311,TR transf. dans div.,,4901256448,29.09.2026,400,KG,PF GRANULE PE NOIR BIG BAG,BARFLOW_TA11
1000435003,TA11,PRD2,311,TR transf. dans div.,,4901256451,29.09.2026,-120,PC,PF CAPTEUR TEMPERATURE REF 17,BARFLOW_TA11
1000435003,TA11,EXP2,311,TR transf. dans div.,,4901256451,29.09.2026,120,PC,PF CAPTEUR TEMPERATURE REF 17,BARFLOW_TA11
1000674421,TA11,PRD2,311,TR transf. dans div.,,4901256460,29.09.2026,-750,KG,PF GRANULE PP SAC 25KG,BARFLOW_TA11
1000674421,TA11,EXP2,311,TR transf. dans div.,,4901256460,29.09.2026,750,KG,PF GRANULE PP SAC 25KG,BARFLOW_TA11
1000224906,TA11,PRD2,311,TR transf. dans div.,,4901256466,29.09.2026,-144,PC,PF COUVERCLE BATTERIE REF 13,BARFLOW_TA11
1000224906,TA11,EXP2,311,TR transf. dans div.,,4901256466,29.09.2026,144,PC,PF COUVERCLE BATTERIE REF 13,BARFLOW_TA11
1000435003,TA11,PRD2,311,TR transf. dans div.,,4901256468,29.09.2026,-120,PC,PF CAPTEUR TEMPERATURE REF 17,BARFLOW_TA11
1000435003,TA11,EXP2,311,TR transf. dans div.,,4901256468,29.09.2026,120,PC,PF CAPTEUR TEMPERATURE REF 17,BARFLOW_TA11
1000435003,TA11,PRD2,311,TR transf. dans div.,,4901256478,29.09.2026,-120,PC,PF CAPTEUR TEMPERATURE REF 17,BARFLOW_TA11
1000435003,TA11,EXP2,311,TR transf. dans div.,,4901256478,29.09.2026,120,PC,PF CAPTEUR TEMPERATURE REF 17,BARFLOW_TA11
1000435003,TA11,PRD2,311,TR transf. dans div.,,4901256482,29.09.2026,-120,PC,PF CAPTEUR TEMPERATURE REF 17,BARFLOW_TA11
1000435003,TA11,EXP2,311,TR transf. dans div.,,4901256482,29.09.2026,120,PC,PF CAPTEUR TEMPERATURE REF 17,BARFLOW_TA11
1000435003,TA11,PRD2,311,TR transf. dans div.,,4901256485,29.09.2026,-120,PC,PF CAPTEUR TEMPERATURE REF 17,BARFLOW_TA11
1000435003,TA11,EXP2,311,TR transf. dans div.,,4901256485,29.09.2026,120,PC,PF CAPTEUR TEMPERATURE REF 17,BARFLOW_TA11
1000812390,TA11,PRD2,311,TR transf. dans div.,,4901256493,29.09.2026,-24,PC,PF CACHE MOTEUR REF 20,BARFLOW_TA11
1000812390,TA11,EXP2,311,TR transf. dans div.,,4901256493,29.09.2026,24,PC,PF CACHE MOTEUR REF 20,BARFLOW_TA11
1000812390,TA11,PRD2,311,TR transf. dans div.,,4901256495,29.09.2026,-24,PC,PF CACHE MOTEUR REF 20,BARFLOW_TA11
1000812390,TA11,EXP2,311,TR transf. dans div.,,4901256495,29.09.2026,24,PC,PF CACHE MOTEUR REF 20,BARFLOW_TA11
1000812390,TA11,PRD2,311,TR transf. dans div.,,4901256497,29.09.2026,-24,PC,PF CACHE MOTEUR REF 20,BARFLOW_TA11
1000812390,TA11,EXP2,311,TR transf. dans div.,,4901256497,29.09.2026,24,PC,PF CACHE MOTEUR REF 20,BARFLOW_TA11
1000887507,TA11,PRD2,311,TR transf. dans div.,,4901256502,29.09.2026,-600,KG,PF COMPOUND ABS VRAC OCTABIN,BARFLOW_TA11
1000887507,TA11,EXP2,311,TR transf. dans div.,,4901256502,29.09.2026,600,KG,PF COMPOUND ABS VRAC OCTABIN,BARFLOW_TA11
1000778636,TA11,PRD2,311,TR transf. dans div.,,4901256505,29.09.2026,-144,PC,PF GRILLE AERATION BLANCHE REF 08,BARFLOW_TA11
1000778636,TA11,EXP2,311,TR transf. dans div.,,4901256505,29.09.2026,144,PC,PF GRILLE AERATION BLANCHE REF 08,BARFLOW_TA11
1000983322,TA11,PRD2,311,TR transf. dans div.,,4901256510,29.09.2026,-96,PC,PF POIGNEE PORTE CHROME REF 09,BARFLOW_TA11
1000983322,TA11,EXP2,311,TR transf. dans div.,,4901256510,29.09.2026,96,PC,PF POIGNEE PORTE CHROME REF 09,BARFLOW_TA11
1000983322,TA11,PRD2,311,TR transf. dans div.,,4901256511,29.09.2026,-96,PC,PF POIGNEE PORTE CHROME REF 09,BARFLOW_TA11
1000983322,TA11,EXP2,311,TR transf. dans div.,,4901256511,29.09.2026,96,PC,PF POIGNEE PORTE CHROME REF 09,BARFLOW_TA11
1000730226,TA11,PRD2,311,TR transf. dans div.,,4901256516,29.09.2026,-24,PC,PF CAPOT MOTEUR GRIS REF 02,BARFLOW_TA11
1000730226,TA11,EXP2,311,TR transf. dans div.,,4901256516,29.09.2026,24,PC,PF CAPOT MOTEUR GRIS REF 02,BARFLOW_TA11
1000216115,TA11,PRD2,311,TR transf. dans div.,,4901256520,29.09.2026,-480,PC,PF PLAQUE INSONORISANTE REF 33,BARFLOW_TA11
1000216115,TA11,EXP2,311,TR transf. dans div.,,4901256520,29.09.2026,480,PC,PF PLAQUE INSONORISANTE REF 33,BARFLOW_TA11
1000730226,TA11,PRD2,311,TR transf. dans div.,,4901256525,29.09.2026,-24,PC,PF CAPOT MOTEUR GRIS REF 02,BARFLOW_TA11
1000730226,TA11,EXP2,311,TR transf. dans div.,,4901256525,29.09.2026,24,PC,PF CAPOT MOTEUR GRIS REF 02,BARFLOW_TA11
1000983322,TA11,PRD2,311,TR transf. dans div.,,4901256526,29.09.2026,-96,PC,PF POIGNEE PORTE CHROME REF 09,BARFLOW_TA11
1000983322,TA11,EXP2,311,TR transf. dans div.,,4901256526,29.09.2026,96,PC,PF POIGNEE PORTE CHROME REF 09,BARFLOW_TA11
1000614750,TA11,EXP2,311,TR transf. dans div.,,4901256530,29.09.2026,-120,PC,PF COQUE RETROVISEUR REF 32,OPEXP02
1000614750,TA11,EMRT,311,TR transf. dans div.,,4901256530,29.09.2026,120,PC,PF COQUE RETROVISEUR REF 32,OPEXP02
1000614750,TA11,EMRT,312,TR transf. div. ann.,,4901256531,29.09.2026,-120,PC,PF COQUE RETROVISEUR REF 32,CHEFQUAI1
1000614750,TA11,EXP2,312,TR transf. div. ann.,,4901256531,29.09.2026,120,PC,PF COQUE RETROVISEUR REF 32,CHEFQUAI1
1000887507,TA11,PRD2,311,TR transf. dans div.,,4901256535,29.09.2026,-600,KG,PF COMPOUND ABS VRAC OCTABIN,BARFLOW_TA11
1000887507,TA11,EXP2,311,TR transf. dans div.,,4901256535,29.09.2026,600,KG,PF COMPOUND ABS VRAC OCTABIN,BARFLOW_TA11
1000401193,TA11,PRD2,311,TR transf. dans div.,,4901256542,29.09.2026,-240,PC,PF FAISCEAU CABLE 1M2 REF 05,BARFLOW_TA11
1000401193,TA11,EXP2,311,TR transf. dans div.,,4901256542,29.09.2026,240,PC,PF FAISCEAU CABLE 1M2 REF 05,BARFLOW_TA11
1000730226,TA11,PRD2,311,TR transf. dans div.,,4901256547,29.09.2026,-24,PC,PF CAPOT MOTEUR GRIS REF 02,BARFLOW_TA11
1000730226,TA11,EXP2,311,TR transf. dans div.,,4901256547,29.09.2026,24,PC,PF CAPOT MOTEUR GRIS REF 02,BARFLOW_TA11
1000887507,TA11,PRD2,311,TR transf. dans div.,,4901256551,29.09.2026,-600,KG,PF COMPOUND ABS VRAC OCTABIN,BARFLOW_TA11
1000887507,TA11,EXP2,311,TR transf. dans div.,,4901256551,29.09.2026,600,KG,PF COMPOUND ABS VRAC OCTABIN,BARFLOW_TA11
1000216115,TA11,PRD2,311,TR transf. dans div.,,4901256561,29.09.2026,-480,PC,PF PLAQUE INSONORISANTE REF 33,OPEXP01
1000216115,TA11,EXP2,311,TR transf. dans div.,,4901256561,29.09.2026,480,PC,PF PLAQUE INSONORISANTE REF 33,OPEXP01
1000216115,TA11,PRD2,311,TR transf. dans div.,,4901256562,29.09.2026,-480,PC,PF PLAQUE INSONORISANTE REF 33,BARFLOW_TA11
1000216115,TA11,EXP2,311,TR transf. dans div.,,4901256562,29.09.2026,480,PC,PF PLAQUE INSONORISANTE REF 33,BARFLOW_TA11
1000216115,TA11,PRD2,311,TR transf. dans div.,,4901256563,29.09.2026,-480,PC,PF PLAQUE INSONORISANTE REF 33,OPEXP01
1000216115,TA11,EXP2,311,TR transf. dans div.,,4901256563,29.09.2026,480,PC,PF PLAQUE INSONORISANTE REF 33,OPEXP01
1000571497,TA11,PRD2,311,TR transf. dans div.,,4901256566,29.09.2026,-96,PC,PF CARTER NOUVELLE VERSION REF 35,OPEXP02
1000571497,TA11,EXP2,311,TR transf. dans div.,,4901256566,29.09.2026,96,PC,PF CARTER NOUVELLE VERSION REF 35,OPEXP02
1000983322,TA11,PRD2,311,TR transf. dans div.,,4901256569,29.09.2026,-96,PC,PF POIGNEE PORTE CHROME REF 09,BARFLOW_TA11
1000983322,TA11,EXP2,311,TR transf. dans div.,,4901256569,29.09.2026,96,PC,PF POIGNEE PORTE CHROME REF 09,BARFLOW_TA11
1000216115,TA11,PRD2,311,TR transf. dans div.,,4901256570,29.09.2026,-480,PC,PF PLAQUE INSONORISANTE REF 33,OPEXP02
1000216115,TA11,EXP2,311,TR transf. dans div.,,4901256570,29.09.2026,480,PC,PF PLAQUE INSONORISANTE REF 33,OPEXP02
1000202814,TA11,EXP2,311,TR transf. dans div.,,4901256571,29.09.2026,-432,PC,PF CARTER PROTECTION NOIR REF 06,OPEXP03
1000202814,TA11,EMRT,311,TR transf. dans div.,,4901256571,29.09.2026,432,PC,PF CARTER PROTECTION NOIR REF 06,OPEXP03
1000216115,TA11,PRD2,311,TR transf. dans div.,,4901256572,29.09.2026,-480,PC,PF PLAQUE INSONORISANTE REF 33,BARFLOW_TA11
1000216115,TA11,EXP2,311,TR transf. dans div.,,4901256572,29.09.2026,480,PC,PF PLAQUE INSONORISANTE REF 33,BARFLOW_TA11
1000216115,TA11,PRD2,311,TR transf. dans div.,,4901256573,29.09.2026,-480,PC,PF PLAQUE INSONORISANTE REF 33,BARFLOW_TA11
1000216115,TA11,EXP2,311,TR transf. dans div.,,4901256573,29.09.2026,480,PC,PF PLAQUE INSONORISANTE REF 33,BARFLOW_TA11
1000216115,TA11,PRD2,311,TR transf. dans div.,,4901256578,29.09.2026,-480,PC,PF PLAQUE INSONORISANTE REF 33,BARFLOW_TA11
1000216115,TA11,EXP2,311,TR transf. dans div.,,4901256578,29.09.2026,480,PC,PF PLAQUE INSONORISANTE REF 33,BARFLOW_TA11
1000983322,TA11,EMRT,311,TR transf. dans div.,,4901256579,29.09.2026,-384,PC,PF POIGNEE PORTE CHROME REF 09,OPEXP02
1000983322,TA11,EXP2,311,TR transf. dans div.,,4901256579,29.09.2026,384,PC,PF POIGNEE PORTE CHROME REF 09,OPEXP02
1000216115,TA11,PRD2,311,TR transf. dans div.,,4901256585,29.09.2026,-480,PC,PF PLAQUE INSONORISANTE REF 33,OPEXP03
1000216115,TA11,EXP2,311,TR transf. dans div.,,4901256585,29.09.2026,480,PC,PF PLAQUE INSONORISANTE REF 33,OPEXP03
1000571497,TA11,PRD2,311,TR transf. dans div.,,4901256592,29.09.2026,-96,PC,PF CARTER NOUVELLE VERSION REF 35,BARFLOW_TA11
1000571497,TA11,EXP2,311,TR transf. dans div.,,4901256592,29.09.2026,96,PC,PF CARTER NOUVELLE VERSION REF 35,BARFLOW_TA11
1000730226,TA11,EMRT,311,TR transf. dans div.,,4901256594,29.09.2026,-24,PC,PF CAPOT MOTEUR GRIS REF 02,CHEFQUAI1
1000730226,TA11,EXP2,311,TR transf. dans div.,,4901256594,29.09.2026,24,PC,PF CAPOT MOTEUR GRIS REF 02,CHEFQUAI1
1000571497,TA11,PRD2,311,TR transf. dans div.,,4901256599,29.09.2026,-96,PC,PF CARTER NOUVELLE VERSION REF 35,BARFLOW_TA11
1000571497,TA11,EXP2,311,TR transf. dans div.,,4901256599,29.09.2026,96,PC,PF CARTER NOUVELLE VERSION REF 35,BARFLOW_TA11
1000954340,TA11,PRD2,311,TR transf. dans div.,,4901256609,29.09.2026,-480,PC,PF FILTRE HABITACLE REF 27,BARFLOW_TA11
1000954340,TA11,EXP2,311,TR transf. dans div.,,4901256609,29.09.2026,480,PC,PF FILTRE HABITACLE REF 27,BARFLOW_TA11
1000954340,TA11,PRD2,311,TR transf. dans div.,,4901256610,29.09.2026,-480,PC,PF FILTRE HABITACLE REF 27,BARFLOW_TA11
1000954340,TA11,EXP2,311,TR transf. dans div.,,4901256610,29.09.2026,480,PC,PF FILTRE HABITACLE REF 27,BARFLOW_TA11
1000674421,TA11,EMRT,311,TR transf. dans div.,,4901256621,29.09.2026,-2250,KG,PF GRANULE PP SAC 25KG,OPEXP01
1000674421,TA11,EXP2,311,TR transf. dans div.,,4901256621,29.09.2026,2250,KG,PF GRANULE PP SAC 25KG,OPEXP01
1000921426,TA11,PRD2,311,TR transf. dans div.,,4901256626,29.09.2026,-200,PC,PF CONDUIT AIR 80MM REF 15,OPEXP01
1000921426,TA11,EXP2,311,TR transf. dans div.,,4901256626,29.09.2026,200,PC,PF CONDUIT AIR 80MM REF 15,OPEXP01
1000921426,TA11,PRD2,311,TR transf. dans div.,,4901256633,29.09.2026,-200,PC,PF CONDUIT AIR 80MM REF 15,BARFLOW_TA11
1000921426,TA11,EXP2,311,TR transf. dans div.,,4901256633,29.09.2026,200,PC,PF CONDUIT AIR 80MM REF 15,BARFLOW_TA11
1000954340,TA11,PRD2,311,TR transf. dans div.,,4901256639,29.09.2026,-480,PC,PF FILTRE HABITACLE REF 27,BARFLOW_TA11
1000954340,TA11,EXP2,311,TR transf. dans div.,,4901256639,29.09.2026,480,PC,PF FILTRE HABITACLE REF 27,BARFLOW_TA11
1000614102,TA11,PRD2,311,TR transf. dans div.,,4901256656,29.09.2026,-48,PC,PF SUPPORT FIXATION ACIER REF 03,BARFLOW_TA11
1000614102,TA11,EXP2,311,TR transf. dans div.,,4901256656,29.09.2026,48,PC,PF SUPPORT FIXATION ACIER REF 03,BARFLOW_TA11
1000921426,TA11,PRD2,311,TR transf. dans div.,,4901256658,29.09.2026,-200,PC,PF CONDUIT AIR 80MM REF 15,BARFLOW_TA11
1000921426,TA11,EXP2,311,TR transf. dans div.,,4901256658,29.09.2026,200,PC,PF CONDUIT AIR 80MM REF 15,BARFLOW_TA11
1000921426,TA11,PRD2,311,TR transf. dans div.,,4901256661,29.09.2026,-200,PC,PF CONDUIT AIR 80MM REF 15,BARFLOW_TA11
1000921426,TA11,EXP2,311,TR transf. dans div.,,4901256661,29.09.2026,200,PC,PF CONDUIT AIR 80MM REF 15,BARFLOW_TA11
1000435003,TA11,PRD2,311,TR transf. dans div.,,4901256666,29.09.2026,-120,PC,PF CAPTEUR TEMPERATURE REF 17,BARFLOW_TA11
1000435003,TA11,EXP2,311,TR transf. dans div.,,4901256666,29.09.2026,120,PC,PF CAPTEUR TEMPERATURE REF 17,BARFLOW_TA11
1000921426,TA11,PRD2,311,TR transf. dans div.,,4901256668,29.09.2026,-200,PC,PF CONDUIT AIR 80MM REF 15,OPEXP02
1000921426,TA11,EXP2,311,TR transf. dans div.,,4901256668,29.09.2026,200,PC,PF CONDUIT AIR 80MM REF 15,OPEXP02
1000954340,TA11,PRD2,311,TR transf. dans div.,,4901256669,29.09.2026,-480,PC,PF FILTRE HABITACLE REF 27,BARFLOW_TA11
1000954340,TA11,EXP2,311,TR transf. dans div.,,4901256669,29.09.2026,480,PC,PF FILTRE HABITACLE REF 27,BARFLOW_TA11
1000202814,TA11,PRD2,311,TR transf. dans div.,,4901256670,29.09.2026,-144,PC,PF CARTER PROTECTION NOIR REF 06,BARFLOW_TA11
1000202814,TA11,EXP2,311,TR transf. dans div.,,4901256670,29.09.2026,144,PC,PF CARTER PROTECTION NOIR REF 06,BARFLOW_TA11
1000202814,TA11,PRD2,311,TR transf. dans div.,,4901256671,29.09.2026,-144,PC,PF CARTER PROTECTION NOIR REF 06,OPEXP01
1000202814,TA11,EXP2,311,TR transf. dans div.,,4901256671,29.09.2026,144,PC,PF CARTER PROTECTION NOIR REF 06,OPEXP01
1000921426,TA11,PRD2,311,TR transf. dans div.,,4901256673,29.09.2026,-200,PC,PF CONDUIT AIR 80MM REF 15,OPEXP01
1000921426,TA11,EXP2,311,TR transf. dans div.,,4901256673,29.09.2026,200,PC,PF CONDUIT AIR 80MM REF 15,OPEXP01
1000351589,TA11,EXP2,311,TR transf. dans div.,,4901256675,29.09.2026,-96,PC,PF BOITIER COMMANDE REF 31,OPEXP01
1000351589,TA11,EMRT,311,TR transf. dans div.,,4901256675,29.09.2026,96,PC,PF BOITIER COMMANDE REF 31,OPEXP01
1000614102,TA11,PRD2,311,TR transf. dans div.,,4901256679,29.09.2026,-48,PC,PF SUPPORT FIXATION ACIER REF 03,BARFLOW_TA11
1000614102,TA11,EXP2,311,TR transf. dans div.,,4901256679,29.09.2026,48,PC,PF SUPPORT FIXATION ACIER REF 03,BARFLOW_TA11
1000202814,TA11,PRD2,311,TR transf. dans div.,,4901256683,29.09.2026,-144,PC,PF CARTER PROTECTION NOIR REF 06,BARFLOW_TA11
1000202814,TA11,EXP2,311,TR transf. dans div.,,4901256683,29.09.2026,144,PC,PF CARTER PROTECTION NOIR REF 06,BARFLOW_TA11
1000921426,TA11,PRD2,311,TR transf. dans div.,,4901256684,29.09.2026,-200,PC,PF CONDUIT AIR 80MM REF 15,BARFLOW_TA11
1000921426,TA11,EXP2,311,TR transf. dans div.,,4901256684,29.09.2026,200,PC,PF CONDUIT AIR 80MM REF 15,BARFLOW_TA11
1000921426,TA11,PRD2,311,TR transf. dans div.,,4901256686,29.09.2026,-200,PC,PF CONDUIT AIR 80MM REF 15,BARFLOW_TA11
1000921426,TA11,EXP2,311,TR transf. dans div.,,4901256686,29.09.2026,200,PC,PF CONDUIT AIR 80MM REF 15,BARFLOW_TA11
1000614102,TA11,PRD2,311,TR transf. dans div.,,4901256690,29.09.2026,-48,PC,PF SUPPORT FIXATION ACIER REF 03,BARFLOW_TA11
1000614102,TA11,EXP2,311,TR transf. dans div.,,4901256690,29.09.2026,48,PC,PF SUPPORT FIXATION ACIER REF 03,BARFLOW_TA11
1000614102,TA11,PRD2,311,TR transf. dans div.,,4901256694,29.09.2026,-48,PC,PF SUPPORT FIXATION ACIER REF 03,BARFLOW_TA11
1000614102,TA11,EXP2,311,TR transf. dans div.,,4901256694,29.09.2026,48,PC,PF SUPPORT FIXATION ACIER REF 03,BARFLOW_TA11
1000202814,TA11,PRD2,311,TR transf. dans div.,,4901256697,29.09.2026,-144,PC,PF CARTER PROTECTION NOIR REF 06,BARFLOW_TA11
1000202814,TA11,EXP2,311,TR transf. dans div.,,4901256697,29.09.2026,144,PC,PF CARTER PROTECTION NOIR REF 06,BARFLOW_TA11
1000887507,TA11,PRD2,311,TR transf. dans div.,,4901256702,29.09.2026,-600,KG,PF COMPOUND ABS VRAC OCTABIN,BARFLOW_TA11
1000887507,TA11,EXP2,311,TR transf. dans div.,,4901256702,29.09.2026,600,KG,PF COMPOUND ABS VRAC OCTABIN,BARFLOW_TA11
1000320436,TA11,PRD2,311,TR transf. dans div.,,4901256705,29.09.2026,-60,PC,PF JOINT ETANCHEITE 60MM REF 10,OPEXP02
1000320436,TA11,EXP2,311,TR transf. dans div.,,4901256705,29.09.2026,60,PC,PF JOINT ETANCHEITE 60MM REF 10,OPEXP02
1000320436,TA11,PRD2,311,TR transf. dans div.,,4901256716,29.09.2026,-60,PC,PF JOINT ETANCHEITE 60MM REF 10,BARFLOW_TA11
1000320436,TA11,EXP2,311,TR transf. dans div.,,4901256716,29.09.2026,60,PC,PF JOINT ETANCHEITE 60MM REF 10,BARFLOW_TA11
1000429497,TA11,PRD2,311,TR transf. dans div.,,4901256717,29.09.2026,-96,PC,PF PANNEAU PORTE DROIT REF 22,BARFLOW_TA11
1000429497,TA11,EXP2,311,TR transf. dans div.,,4901256717,29.09.2026,96,PC,PF PANNEAU PORTE DROIT REF 22,BARFLOW_TA11
1000429497,TA11,PRD2,311,TR transf. dans div.,,4901256718,29.09.2026,-96,PC,PF PANNEAU PORTE DROIT REF 22,OPEXP03
1000429497,TA11,EXP2,311,TR transf. dans div.,,4901256718,29.09.2026,96,PC,PF PANNEAU PORTE DROIT REF 22,OPEXP03
1000866025,TA11,PRD2,311,TR transf. dans div.,,4901256720,29.09.2026,-144,PC,PF GAINE ELECTRIQUE 25MM REF 25,BARFLOW_TA11
1000866025,TA11,EXP2,311,TR transf. dans div.,,4901256720,29.09.2026,144,PC,PF GAINE ELECTRIQUE 25MM REF 25,BARFLOW_TA11
1000429497,TA11,PRD2,311,TR transf. dans div.,,4901256722,29.09.2026,-96,PC,PF PANNEAU PORTE DROIT REF 22,OPEXP03
1000429497,TA11,EXP2,311,TR transf. dans div.,,4901256722,29.09.2026,96,PC,PF PANNEAU PORTE DROIT REF 22,OPEXP03
1000429497,TA11,PRD2,311,TR transf. dans div.,,4901256724,29.09.2026,-96,PC,PF PANNEAU PORTE DROIT REF 22,OPEXP03
1000429497,TA11,EXP2,311,TR transf. dans div.,,4901256724,29.09.2026,96,PC,PF PANNEAU PORTE DROIT REF 22,OPEXP03
1000429497,TA11,PRD2,311,TR transf. dans div.,,4901256726,29.09.2026,-96,PC,PF PANNEAU PORTE DROIT REF 22,OPEXP03
1000429497,TA11,EXP2,311,TR transf. dans div.,,4901256726,29.09.2026,96,PC,PF PANNEAU PORTE DROIT REF 22,OPEXP03
1000866025,TA11,PRD2,311,TR transf. dans div.,,4901256730,29.09.2026,-144,PC,PF GAINE ELECTRIQUE 25MM REF 25,BARFLOW_TA11
1000866025,TA11,EXP2,311,TR transf. dans div.,,4901256730,29.09.2026,144,PC,PF GAINE ELECTRIQUE 25MM REF 25,BARFLOW_TA11
1000202814,TA11,PRD2,311,TR transf. dans div.,,4901256736,30.09.2026,-144,PC,PF CARTER PROTECTION NOIR REF 06,BARFLOW_TA11
1000202814,TA11,EXP2,311,TR transf. dans div.,,4901256736,30.09.2026,144,PC,PF CARTER PROTECTION NOIR REF 06,BARFLOW_TA11
1000202814,TA11,PRD2,311,TR transf. dans div.,,4901256738,30.09.2026,-144,PC,PF CARTER PROTECTION NOIR REF 06,BARFLOW_TA11
1000202814,TA11,EXP2,311,TR transf. dans div.,,4901256738,30.09.2026,144,PC,PF CARTER PROTECTION NOIR REF 06,BARFLOW_TA11
1000202814,TA11,PRD2,311,TR transf. dans div.,,4901256740,30.09.2026,-144,PC,PF CARTER PROTECTION NOIR REF 06,BARFLOW_TA11
1000202814,TA11,EXP2,311,TR transf. dans div.,,4901256740,30.09.2026,144,PC,PF CARTER PROTECTION NOIR REF 06,BARFLOW_TA11
1000636685,TA11,PRD2,311,TR transf. dans div.,,4901256748,30.09.2026,-200,PC,PF TUYAU REFROIDISSEMENT REF 28,OPEXP03
1000636685,TA11,EXP2,311,TR transf. dans div.,,4901256748,30.09.2026,200,PC,PF TUYAU REFROIDISSEMENT REF 28,OPEXP03
1000730226,TA11,PRD2,311,TR transf. dans div.,,4901256750,30.09.2026,-24,PC,PF CAPOT MOTEUR GRIS REF 02,BARFLOW_TA11
1000730226,TA11,EXP2,311,TR transf. dans div.,,4901256750,30.09.2026,24,PC,PF CAPOT MOTEUR GRIS REF 02,BARFLOW_TA11
1000636685,TA11,PRD2,311,TR transf. dans div.,,4901256758,30.09.2026,-200,PC,PF TUYAU REFROIDISSEMENT REF 28,BARFLOW_TA11
1000636685,TA11,EXP2,311,TR transf. dans div.,,4901256758,30.09.2026,200,PC,PF TUYAU REFROIDISSEMENT REF 28,BARFLOW_TA11
1000818461,TA11,PRD2,311,TR transf. dans div.,,4901256760,30.09.2026,-36,PC,PF CONSOLE CENTRALE REF 24,BARFLOW_TA11
1000818461,TA11,EXP2,311,TR transf. dans div.,,4901256760,30.09.2026,36,PC,PF CONSOLE CENTRALE REF 24,BARFLOW_TA11
1000818461,TA11,PRD2,311,TR transf. dans div.,,4901256763,30.09.2026,-36,PC,PF CONSOLE CENTRALE REF 24,BARFLOW_TA11
1000818461,TA11,EXP2,311,TR transf. dans div.,,4901256763,30.09.2026,36,PC,PF CONSOLE CENTRALE REF 24,BARFLOW_TA11
1000921426,TA11,EXP2,311,TR transf. dans div.,,4901256766,30.09.2026,-200,PC,PF CONDUIT AIR 80MM REF 15,OPEXP01
1000921426,TA11,EMRT,311,TR transf. dans div.,,4901256766,30.09.2026,200,PC,PF CONDUIT AIR 80MM REF 15,OPEXP01
1000614102,TA11,PRD2,311,TR transf. dans div.,,4901256776,30.09.2026,-48,PC,PF SUPPORT FIXATION ACIER REF 03,BARFLOW_TA11
1000614102,TA11,EXP2,311,TR transf. dans div.,,4901256776,30.09.2026,48,PC,PF SUPPORT FIXATION ACIER REF 03,BARFLOW_TA11
1000614102,TA11,PRD2,311,TR transf. dans div.,,4901256778,30.09.2026,-48,PC,PF SUPPORT FIXATION ACIER REF 03,BARFLOW_TA11
1000614102,TA11,EXP2,311,TR transf. dans div.,,4901256778,30.09.2026,48,PC,PF SUPPORT FIXATION ACIER REF 03,BARFLOW_TA11
1000614102,TA11,PRD2,311,TR transf. dans div.,,4901256783,30.09.2026,-48,PC,PF SUPPORT FIXATION ACIER REF 03,BARFLOW_TA11
1000614102,TA11,EXP2,311,TR transf. dans div.,,4901256783,30.09.2026,48,PC,PF SUPPORT FIXATION ACIER REF 03,BARFLOW_TA11
1000614102,TA11,PRD2,311,TR transf. dans div.,,4901256786,30.09.2026,-48,PC,PF SUPPORT FIXATION ACIER REF 03,BARFLOW_TA11
1000614102,TA11,EXP2,311,TR transf. dans div.,,4901256786,30.09.2026,48,PC,PF SUPPORT FIXATION ACIER REF 03,BARFLOW_TA11
1000614102,TA11,PRD2,311,TR transf. dans div.,,4901256787,30.09.2026,-48,PC,PF SUPPORT FIXATION ACIER REF 03,BARFLOW_TA11
1000614102,TA11,EXP2,311,TR transf. dans div.,,4901256787,30.09.2026,48,PC,PF SUPPORT FIXATION ACIER REF 03,BARFLOW_TA11
1000429497,TA11,PRD2,311,TR transf. dans div.,,4901256794,30.09.2026,-86,PC,PF PANNEAU PORTE DROIT REF 22,BARFLOW_TA11
1000429497,TA11,EXP2,311,TR transf. dans div.,,4901256794,30.09.2026,86,PC,PF PANNEAU PORTE DROIT REF 22,BARFLOW_TA11
1000983322,TA11,EMRT,311,TR transf. dans div.,,4901256797,30.09.2026,-288,PC,PF POIGNEE PORTE CHROME REF 09,CHEFQUAI1
1000983322,TA11,EXP2,311,TR transf. dans div.,,4901256797,30.09.2026,288,PC,PF POIGNEE PORTE CHROME REF 09,CHEFQUAI1
1000614750,TA11,PRD2,311,TR transf. dans div.,,4901256807,30.09.2026,-120,PC,PF COQUE RETROVISEUR REF 32,BARFLOW_TA11
1000614750,TA11,EXP2,311,TR transf. dans div.,,4901256807,30.09.2026,120,PC,PF COQUE RETROVISEUR REF 32,BARFLOW_TA11
1000954340,TA11,PRD2,311,TR transf. dans div.,,4901256810,30.09.2026,-480,PC,PF FILTRE HABITACLE REF 27,BARFLOW_TA11
1000954340,TA11,EXP2,311,TR transf. dans div.,,4901256810,30.09.2026,480,PC,PF FILTRE HABITACLE REF 27,BARFLOW_TA11
1000954340,TA11,PRD2,311,TR transf. dans div.,,4901256811,30.09.2026,-480,PC,PF FILTRE HABITACLE REF 27,BARFLOW_TA11
1000954340,TA11,EXP2,311,TR transf. dans div.,,4901256811,30.09.2026,480,PC,PF FILTRE HABITACLE REF 27,BARFLOW_TA11
1000954340,TA11,PRD2,311,TR transf. dans div.,,4901256814,30.09.2026,-480,PC,PF FILTRE HABITACLE REF 27,BARFLOW_TA11
1000954340,TA11,EXP2,311,TR transf. dans div.,,4901256814,30.09.2026,480,PC,PF FILTRE HABITACLE REF 27,BARFLOW_TA11
1000614102,TA11,PRD2,311,TR transf. dans div.,,4901256816,30.09.2026,-48,PC,PF SUPPORT FIXATION ACIER REF 03,BARFLOW_TA11
1000614102,TA11,EXP2,311,TR transf. dans div.,,4901256816,30.09.2026,48,PC,PF SUPPORT FIXATION ACIER REF 03,BARFLOW_TA11
1000614102,TA11,PRD2,311,TR transf. dans div.,,4901256819,30.09.2026,-48,PC,PF SUPPORT FIXATION ACIER REF 03,BARFLOW_TA11
1000614102,TA11,EXP2,311,TR transf. dans div.,,4901256819,30.09.2026,48,PC,PF SUPPORT FIXATION ACIER REF 03,BARFLOW_TA11
1000614102,TA11,PRD2,311,TR transf. dans div.,,4901256823,30.09.2026,-48,PC,PF SUPPORT FIXATION ACIER REF 03,BARFLOW_TA11
1000614102,TA11,EXP2,311,TR transf. dans div.,,4901256823,30.09.2026,48,PC,PF SUPPORT FIXATION ACIER REF 03,BARFLOW_TA11
1000910625,TA11,EXP2,311,TR transf. dans div.,,4901256829,30.09.2026,-72,PC,PF ECROU PLASTIQUE M8 REF 29,OPEXP02
1000910625,TA11,EMRT,311,TR transf. dans div.,,4901256829,30.09.2026,72,PC,PF ECROU PLASTIQUE M8 REF 29,OPEXP02
1000954340,TA11,PRD2,311,TR transf. dans div.,,4901256831,30.09.2026,-480,PC,PF FILTRE HABITACLE REF 27,BARFLOW_TA11
1000954340,TA11,EXP2,311,TR transf. dans div.,,4901256831,30.09.2026,480,PC,PF FILTRE HABITACLE REF 27,BARFLOW_TA11
1000910625,TA11,EXP2,311,TR transf. dans div.,,4901256833,30.09.2026,-72,PC,PF ECROU PLASTIQUE M8 REF 29,OPEXP03
1000910625,TA11,EMRT,311,TR transf. dans div.,,4901256833,30.09.2026,72,PC,PF ECROU PLASTIQUE M8 REF 29,OPEXP03
1000887507,TA11,PRD2,311,TR transf. dans div.,,4901256834,30.09.2026,-600,KG,PF COMPOUND ABS VRAC OCTABIN,BARFLOW_TA11
1000887507,TA11,EXP2,311,TR transf. dans div.,,4901256834,30.09.2026,600,KG,PF COMPOUND ABS VRAC OCTABIN,BARFLOW_TA11
1000910625,TA11,EMRT,311,TR transf. dans div.,,4901256836,30.09.2026,-144,PC,PF ECROU PLASTIQUE M8 REF 29,OPEXP01
1000910625,TA11,EXP2,311,TR transf. dans div.,,4901256836,30.09.2026,144,PC,PF ECROU PLASTIQUE M8 REF 29,OPEXP01
1000614750,TA11,PRD2,311,TR transf. dans div.,,4901256840,30.09.2026,-120,PC,PF COQUE RETROVISEUR REF 32,BARFLOW_TA11
1000614750,TA11,EXP2,311,TR transf. dans div.,,4901256840,30.09.2026,120,PC,PF COQUE RETROVISEUR REF 32,BARFLOW_TA11
1000818461,TA11,PRD2,311,TR transf. dans div.,,4901256841,30.09.2026,-36,PC,PF CONSOLE CENTRALE REF 24,BARFLOW_TA11
1000818461,TA11,EXP2,311,TR transf. dans div.,,4901256841,30.09.2026,36,PC,PF CONSOLE CENTRALE REF 24,BARFLOW_TA11
1000730226,TA11,PRD2,311,TR transf. dans div.,,4901256844,30.09.2026,-24,PC,PF CAPOT MOTEUR GRIS REF 02,BARFLOW_TA11
1000730226,TA11,EXP2,311,TR transf. dans div.,,4901256844,30.09.2026,24,PC,PF CAPOT MOTEUR GRIS REF 02,BARFLOW_TA11
1000216115,TA11,PRD2,311,TR transf. dans div.,,4901256845,30.09.2026,-480,PC,PF PLAQUE INSONORISANTE REF 33,BARFLOW_TA11
1000216115,TA11,EXP2,311,TR transf. dans div.,,4901256845,30.09.2026,480,PC,PF PLAQUE INSONORISANTE REF 33,BARFLOW_TA11
1000954340,TA11,PRD2,311,TR transf. dans div.,,4901256850,30.09.2026,-480,PC,PF FILTRE HABITACLE REF 27,BARFLOW_TA11
1000954340,TA11,EXP2,311,TR transf. dans div.,,4901256850,30.09.2026,480,PC,PF FILTRE HABITACLE REF 27,BARFLOW_TA11
1000818461,TA11,EMRT,311,TR transf. dans div.,,4901256855,30.09.2026,-36,PC,PF CONSOLE CENTRALE REF 24,CHEFQUAI1
1000818461,TA11,EXP2,311,TR transf. dans div.,,4901256855,30.09.2026,36,PC,PF CONSOLE CENTRALE REF 24,CHEFQUAI1
1000914295,TA11,PRD2,311,TR transf. dans div.,,4901256861,30.09.2026,-320,PC,PF CONNECTEUR 4 VOIES REF 04,OPEXP03
1000914295,TA11,EXP2,311,TR transf. dans div.,,4901256861,30.09.2026,320,PC,PF CONNECTEUR 4 VOIES REF 04,OPEXP03
1000614102,TA11,PRD2,311,TR transf. dans div.,,4901256864,30.09.2026,-24,PC,PF SUPPORT FIXATION ACIER REF 03,BARFLOW_TA11
1000614102,TA11,EXP2,311,TR transf. dans div.,,4901256864,30.09.2026,24,PC,PF SUPPORT FIXATION ACIER REF 03,BARFLOW_TA11
1000914295,TA11,PRD2,311,TR transf. dans div.,,4901256865,30.09.2026,-320,PC,PF CONNECTEUR 4 VOIES REF 04,BARFLOW_TA11
1000914295,TA11,EXP2,311,TR transf. dans div.,,4901256865,30.09.2026,320,PC,PF CONNECTEUR 4 VOIES REF 04,BARFLOW_TA11
1000914295,TA11,PRD2,311,TR transf. dans div.,,4901256875,30.09.2026,-320,PC,PF CONNECTEUR 4 VOIES REF 04,BARFLOW_TA11
1000914295,TA11,EXP2,311,TR transf. dans div.,,4901256875,30.09.2026,320,PC,PF CONNECTEUR 4 VOIES REF 04,BARFLOW_TA11
1000914295,TA11,PRD2,311,TR transf. dans div.,,4901256881,30.09.2026,-320,PC,PF CONNECTEUR 4 VOIES REF 04,OPEXP02
1000914295,TA11,EXP2,311,TR transf. dans div.,,4901256881,30.09.2026,320,PC,PF CONNECTEUR 4 VOIES REF 04,OPEXP02
1000914295,TA11,PRD2,311,TR transf. dans div.,,4901256884,30.09.2026,-320,PC,PF CONNECTEUR 4 VOIES REF 04,BARFLOW_TA11
1000914295,TA11,EXP2,311,TR transf. dans div.,,4901256884,30.09.2026,320,PC,PF CONNECTEUR 4 VOIES REF 04,BARFLOW_TA11
1000914295,TA11,PRD2,311,TR transf. dans div.,,4901256887,30.09.2026,-320,PC,PF CONNECTEUR 4 VOIES REF 04,BARFLOW_TA11
1000914295,TA11,EXP2,311,TR transf. dans div.,,4901256887,30.09.2026,320,PC,PF CONNECTEUR 4 VOIES REF 04,BARFLOW_TA11
1000674421,TA11,PRD2,311,TR transf. dans div.,,4901256889,30.09.2026,-750,KG,PF GRANULE PP SAC 25KG,BARFLOW_TA11
1000674421,TA11,EXP2,311,TR transf. dans div.,,4901256889,30.09.2026,750,KG,PF GRANULE PP SAC 25KG,BARFLOW_TA11
1000674421,TA11,PRD2,311,TR transf. dans div.,,4901256892,30.09.2026,-750,KG,PF GRANULE PP SAC 25KG,BARFLOW_TA11
1000674421,TA11,EXP2,311,TR transf. dans div.,,4901256892,30.09.2026,750,KG,PF GRANULE PP SAC 25KG,BARFLOW_TA11
1000956436,TA11,PRD2,311,TR transf. dans div.,,4901256897,30.09.2026,-600,KG,PF MELANGE MAITRE BLANC SAC,BARFLOW_TA11
1000956436,TA11,EXP2,311,TR transf. dans div.,,4901256897,30.09.2026,600,KG,PF MELANGE MAITRE BLANC SAC,BARFLOW_TA11
1000954340,TA11,PRD2,311,TR transf. dans div.,,4901256903,30.09.2026,-480,PC,PF FILTRE HABITACLE REF 27,BARFLOW_TA11
1000954340,TA11,EXP2,311,TR transf. dans div.,,4901256903,30.09.2026,480,PC,PF FILTRE HABITACLE REF 27,BARFLOW_TA11
1000914295,TA11,PRD2,311,TR transf. dans div.,,4901256905,30.09.2026,-320,PC,PF CONNECTEUR 4 VOIES REF 04,BARFLOW_TA11
1000914295,TA11,EXP2,311,TR transf. dans div.,,4901256905,30.09.2026,320,PC,PF CONNECTEUR 4 VOIES REF 04,BARFLOW_TA11
1000914295,TA11,PRD2,311,TR transf. dans div.,,4901256910,30.09.2026,-320,PC,PF CONNECTEUR 4 VOIES REF 04,BARFLOW_TA11
1000914295,TA11,EXP2,311,TR transf. dans div.,,4901256910,30.09.2026,320,PC,PF CONNECTEUR 4 VOIES REF 04,BARFLOW_TA11
1000730226,TA11,EXP2,311,TR transf. dans div.,,4901256924,30.09.2026,-72,PC,PF CAPOT MOTEUR GRIS REF 02,OPEXP02
1000730226,TA11,EMRT,311,TR transf. dans div.,,4901256924,30.09.2026,72,PC,PF CAPOT MOTEUR GRIS REF 02,OPEXP02
1000956436,TA11,PRD2,311,TR transf. dans div.,,4901256937,30.09.2026,-600,KG,PF MELANGE MAITRE BLANC SAC,BARFLOW_TA11
1000956436,TA11,EXP2,311,TR transf. dans div.,,4901256937,30.09.2026,600,KG,PF MELANGE MAITRE BLANC SAC,BARFLOW_TA11
1000516512,TA11,EXP2,311,TR transf. dans div.,,4901256943,30.09.2026,-640,PC,PF SUPPORT PARE-CHOC REF 19,OPEXP01
1000516512,TA11,EMRT,311,TR transf. dans div.,,4901256943,30.09.2026,640,PC,PF SUPPORT PARE-CHOC REF 19,OPEXP01
1000674421,TA11,PRD2,311,TR transf. dans div.,,4901256949,30.09.2026,-750,KG,PF GRANULE PP SAC 25KG,BARFLOW_TA11
1000674421,TA11,EXP2,311,TR transf. dans div.,,4901256949,30.09.2026,750,KG,PF GRANULE PP SAC 25KG,BARFLOW_TA11
1000674421,TA11,PRD2,311,TR transf. dans div.,,4901256951,30.09.2026,-750,KG,PF GRANULE PP SAC 25KG,BARFLOW_TA11
1000674421,TA11,EXP2,311,TR transf. dans div.,,4901256951,30.09.2026,750,KG,PF GRANULE PP SAC 25KG,BARFLOW_TA11
1000674421,TA11,PRD2,311,TR transf. dans div.,,4901256952,30.09.2026,-750,KG,PF GRANULE PP SAC 25KG,BARFLOW_TA11
1000674421,TA11,EXP2,311,TR transf. dans div.,,4901256952,30.09.2026,750,KG,PF GRANULE PP SAC 25KG,BARFLOW_TA11
1000674421,TA11,PRD2,311,TR transf. dans div.,,4901256953,30.09.2026,-750,KG,PF GRANULE PP SAC 25KG,BARFLOW_TA11
1000674421,TA11,EXP2,311,TR transf. dans div.,,4901256953,30.09.2026,750,KG,PF GRANULE PP SAC 25KG,BARFLOW_TA11
1000956436,TA11,PRD2,311,TR transf. dans div.,,4901256955,30.09.2026,-600,KG,PF MELANGE MAITRE BLANC SAC,BARFLOW_TA11
1000956436,TA11,EXP2,311,TR transf. dans div.,,4901256955,30.09.2026,600,KG,PF MELANGE MAITRE BLANC SAC,BARFLOW_TA11
1000674421,TA11,PRD2,311,TR transf. dans div.,,4901256958,30.09.2026,-750,KG,PF GRANULE PP SAC 25KG,BARFLOW_TA11
1000674421,TA11,EXP2,311,TR transf. dans div.,,4901256958,30.09.2026,750,KG,PF GRANULE PP SAC 25KG,BARFLOW_TA11
1000956436,TA11,PRD2,311,TR transf. dans div.,,4901256960,30.09.2026,-600,KG,PF MELANGE MAITRE BLANC SAC,BARFLOW_TA11
1000956436,TA11,EXP2,311,TR transf. dans div.,,4901256960,30.09.2026,600,KG,PF MELANGE MAITRE BLANC SAC,BARFLOW_TA11
1000921426,TA11,PRD2,311,TR transf. dans div.,,4901256961,30.09.2026,-200,PC,PF CONDUIT AIR 80MM REF 15,BARFLOW_TA11
1000921426,TA11,EXP2,311,TR transf. dans div.,,4901256961,30.09.2026,200,PC,PF CONDUIT AIR 80MM REF 15,BARFLOW_TA11
1000910625,TA11,PRD2,311,TR transf. dans div.,,4901256967,30.09.2026,-72,PC,PF ECROU PLASTIQUE M8 REF 29,OPEXP03
1000910625,TA11,EXP2,311,TR transf. dans div.,,4901256967,30.09.2026,72,PC,PF ECROU PLASTIQUE M8 REF 29,OPEXP03
1000956436,TA11,PRD2,311,TR transf. dans div.,,4901256970,30.09.2026,-600,KG,PF MELANGE MAITRE BLANC SAC,BARFLOW_TA11
1000956436,TA11,EXP2,311,TR transf. dans div.,,4901256970,30.09.2026,600,KG,PF MELANGE MAITRE BLANC SAC,BARFLOW_TA11
1000956436,TA11,PRD2,311,TR transf. dans div.,,4901256972,30.09.2026,-600,KG,PF MELANGE MAITRE BLANC SAC,BARFLOW_TA11
1000956436,TA11,EXP2,311,TR transf. dans div.,,4901256972,30.09.2026,600,KG,PF MELANGE MAITRE BLANC SAC,BARFLOW_TA11
1000921426,TA11,PRD2,311,TR transf. dans div.,,4901256974,30.09.2026,-200,PC,PF CONDUIT AIR 80MM REF 15,BARFLOW_TA11
1000921426,TA11,EXP2,311,TR transf. dans div.,,4901256974,30.09.2026,200,PC,PF CONDUIT AIR 80MM REF 15,BARFLOW_TA11
1000905427,TA11,EXP2,311,TR transf. dans div.,,4901256976,30.09.2026,-72,PC,PF PANNEAU PORTE GAUCHE REF 21,OPEXP03
1000905427,TA11,EMRT,311,TR transf. dans div.,,4901256976,30.09.2026,72,PC,PF PANNEAU PORTE GAUCHE REF 21,OPEXP03
1000571497,TA11,PRD2,311,TR transf. dans div.,,4901256981,30.09.2026,-96,PC,PF CARTER NOUVELLE VERSION REF 35,BARFLOW_TA11
1000571497,TA11,EXP2,311,TR transf. dans div.,,4901256981,30.09.2026,96,PC,PF CARTER NOUVELLE VERSION REF 35,BARFLOW_TA11
1000571497,TA11,PRD2,311,TR transf. dans div.,,4901256985,30.09.2026,-96,PC,PF CARTER NOUVELLE VERSION REF 35,BARFLOW_TA11
1000571497,TA11,EXP2,311,TR transf. dans div.,,4901256985,30.09.2026,96,PC,PF CARTER NOUVELLE VERSION REF 35,BARFLOW_TA11
1000674421,TA11,PRD2,311,TR transf. dans div.,,4901256988,30.09.2026,-750,KG,PF GRANULE PP SAC 25KG,BARFLOW_TA11
1000674421,TA11,EXP2,311,TR transf. dans div.,,4901256988,30.09.2026,750,KG,PF GRANULE PP SAC 25KG,BARFLOW_TA11
1000571497,TA11,PRD2,311,TR transf. dans div.,,4901256990,30.09.2026,-70,PC,PF CARTER NOUVELLE VERSION REF 35,BARFLOW_TA11
1000571497,TA11,EXP2,311,TR transf. dans div.,,4901256990,30.09.2026,70,PC,PF CARTER NOUVELLE VERSION REF 35,BARFLOW_TA11
1000921426,TA11,PRD2,311,TR transf. dans div.,,4901256993,30.09.2026,-200,PC,PF CONDUIT AIR 80MM REF 15,BARFLOW_TA11
1000921426,TA11,EXP2,311,TR transf. dans div.,,4901256993,30.09.2026,200,PC,PF CONDUIT AIR 80MM REF 15,BARFLOW_TA11
1000910625,TA11,PRD2,311,TR transf. dans div.,,4901256995,30.09.2026,-72,PC,PF ECROU PLASTIQUE M8 REF 29,BARFLOW_TA11
1000910625,TA11,EXP2,311,TR transf. dans div.,,4901256995,30.09.2026,72,PC,PF ECROU PLASTIQUE M8 REF 29,BARFLOW_TA11
1000921426,TA11,PRD2,311,TR transf. dans div.,,4901256998,30.09.2026,-200,PC,PF CONDUIT AIR 80MM REF 15,BARFLOW_TA11
1000921426,TA11,EXP2,311,TR transf. dans div.,,4901256998,30.09.2026,200,PC,PF CONDUIT AIR 80MM REF 15,BARFLOW_TA11
1000921426,TA11,PRD2,311,TR transf. dans div.,,4901257001,30.09.2026,-200,PC,PF CONDUIT AIR 80MM REF 15,OPEXP02
1000921426,TA11,EXP2,311,TR transf. dans div.,,4901257001,30.09.2026,200,PC,PF CONDUIT AIR 80MM REF 15,OPEXP02
1000614750,TA11,PRD2,311,TR transf. dans div.,,4901257011,01.10.2026,-120,PC,PF COQUE RETROVISEUR REF 32,BARFLOW_TA11
1000614750,TA11,EXP2,311,TR transf. dans div.,,4901257011,01.10.2026,120,PC,PF COQUE RETROVISEUR REF 32,BARFLOW_TA11
1000910625,TA11,PRD2,311,TR transf. dans div.,,4901257015,01.10.2026,-72,PC,PF ECROU PLASTIQUE M8 REF 29,BARFLOW_TA11
1000910625,TA11,EXP2,311,TR transf. dans div.,,4901257015,01.10.2026,72,PC,PF ECROU PLASTIQUE M8 REF 29,BARFLOW_TA11
1000818461,TA11,PRD2,311,TR transf. dans div.,,4901257019,01.10.2026,-36,PC,PF CONSOLE CENTRALE REF 24,BARFLOW_TA11
1000818461,TA11,EXP2,311,TR transf. dans div.,,4901257019,01.10.2026,36,PC,PF CONSOLE CENTRALE REF 24,BARFLOW_TA11
1000818461,TA11,PRD2,311,TR transf. dans div.,,4901257022,01.10.2026,-36,PC,PF CONSOLE CENTRALE REF 24,BARFLOW_TA11
1000818461,TA11,EXP2,311,TR transf. dans div.,,4901257022,01.10.2026,36,PC,PF CONSOLE CENTRALE REF 24,BARFLOW_TA11
1000818461,TA11,PRD2,311,TR transf. dans div.,,4901257025,01.10.2026,-36,PC,PF CONSOLE CENTRALE REF 24,BARFLOW_TA11
1000818461,TA11,EXP2,311,TR transf. dans div.,,4901257025,01.10.2026,36,PC,PF CONSOLE CENTRALE REF 24,BARFLOW_TA11
1000818461,TA11,PRD2,311,TR transf. dans div.,,4901257028,01.10.2026,-36,PC,PF CONSOLE CENTRALE REF 24,BARFLOW_TA11
1000818461,TA11,EXP2,311,TR transf. dans div.,,4901257028,01.10.2026,36,PC,PF CONSOLE CENTRALE REF 24,BARFLOW_TA11
1000636685,TA11,PRD2,311,TR transf. dans div.,,4901257029,01.10.2026,-200,PC,PF TUYAU REFROIDISSEMENT REF 28,BARFLOW_TA11
1000636685,TA11,EXP2,311,TR transf. dans div.,,4901257029,01.10.2026,200,PC,PF TUYAU REFROIDISSEMENT REF 28,BARFLOW_TA11
1000818461,TA11,PRD2,311,TR transf. dans div.,,4901257034,01.10.2026,-36,PC,PF CONSOLE CENTRALE REF 24,OPEXP02
1000818461,TA11,EXP2,311,TR transf. dans div.,,4901257034,01.10.2026,36,PC,PF CONSOLE CENTRALE REF 24,OPEXP02
1000921426,TA11,PRD2,311,TR transf. dans div.,,4901257036,01.10.2026,-200,PC,PF CONDUIT AIR 80MM REF 15,BARFLOW_TA11
1000921426,TA11,EXP2,311,TR transf. dans div.,,4901257036,01.10.2026,200,PC,PF CONDUIT AIR 80MM REF 15,BARFLOW_TA11
1000636685,TA11,PRD2,311,TR transf. dans div.,,4901257039,01.10.2026,-200,PC,PF TUYAU REFROIDISSEMENT REF 28,BARFLOW_TA11
1000636685,TA11,EXP2,311,TR transf. dans div.,,4901257039,01.10.2026,200,PC,PF TUYAU REFROIDISSEMENT REF 28,BARFLOW_TA11
1000910625,TA11,PRD2,311,TR transf. dans div.,,4901257041,01.10.2026,-72,PC,PF ECROU PLASTIQUE M8 REF 29,BARFLOW_TA11
1000910625,TA11,EXP2,311,TR transf. dans div.,,4901257041,01.10.2026,72,PC,PF ECROU PLASTIQUE M8 REF 29,BARFLOW_TA11
1000954340,TA11,PRD2,311,TR transf. dans div.,,4901257042,01.10.2026,-480,PC,PF FILTRE HABITACLE REF 27,BARFLOW_TA11
1000954340,TA11,EXP2,311,TR transf. dans div.,,4901257042,01.10.2026,480,PC,PF FILTRE HABITACLE REF 27,BARFLOW_TA11
1000102657,TA11,EMRT,311,TR transf. dans div.,,4901257055,01.10.2026,-288,PC,PF BAC RANGEMENT REF 23,OPEXP01
1000102657,TA11,EXP2,311,TR transf. dans div.,,4901257055,01.10.2026,288,PC,PF BAC RANGEMENT REF 23,OPEXP01
1000614750,TA11,PRD2,311,TR transf. dans div.,,4901257057,01.10.2026,-120,PC,PF COQUE RETROVISEUR REF 32,BARFLOW_TA11
1000614750,TA11,EXP2,311,TR transf. dans div.,,4901257057,01.10.2026,120,PC,PF COQUE RETROVISEUR REF 32,BARFLOW_TA11
1000614750,TA11,PRD2,311,TR transf. dans div.,,4901257058,01.10.2026,-120,PC,PF COQUE RETROVISEUR REF 32,BARFLOW_TA11
1000614750,TA11,EXP2,311,TR transf. dans div.,,4901257058,01.10.2026,120,PC,PF COQUE RETROVISEUR REF 32,BARFLOW_TA11
1000614750,TA11,PRD2,311,TR transf. dans div.,,4901257061,01.10.2026,-120,PC,PF COQUE RETROVISEUR REF 32,BARFLOW_TA11
1000614750,TA11,EXP2,311,TR transf. dans div.,,4901257061,01.10.2026,120,PC,PF COQUE RETROVISEUR REF 32,BARFLOW_TA11
1000910625,TA11,PRD2,311,TR transf. dans div.,,4901257063,01.10.2026,-72,PC,PF ECROU PLASTIQUE M8 REF 29,BARFLOW_TA11
1000910625,TA11,EXP2,311,TR transf. dans div.,,4901257063,01.10.2026,72,PC,PF ECROU PLASTIQUE M8 REF 29,BARFLOW_TA11
1000954340,TA11,PRD2,311,TR transf. dans div.,,4901257066,01.10.2026,-480,PC,PF FILTRE HABITACLE REF 27,BARFLOW_TA11
1000954340,TA11,EXP2,311,TR transf. dans div.,,4901257066,01.10.2026,480,PC,PF FILTRE HABITACLE REF 27,BARFLOW_TA11
1000571497,TA11,PRD2,311,TR transf. dans div.,,4901257069,01.10.2026,-96,PC,PF CARTER NOUVELLE VERSION REF 35,BARFLOW_TA11
1000571497,TA11,EXP2,311,TR transf. dans div.,,4901257069,01.10.2026,96,PC,PF CARTER NOUVELLE VERSION REF 35,BARFLOW_TA11
1000954340,TA11,PRD2,311,TR transf. dans div.,,4901257073,01.10.2026,-480,PC,PF FILTRE HABITACLE REF 27,BARFLOW_TA11
1000954340,TA11,EXP2,311,TR transf. dans div.,,4901257073,01.10.2026,480,PC,PF FILTRE HABITACLE REF 27,BARFLOW_TA11
1000636685,TA11,PRD2,311,TR transf. dans div.,,4901257076,01.10.2026,-200,PC,PF TUYAU REFROIDISSEMENT REF 28,BARFLOW_TA11
1000636685,TA11,EXP2,311,TR transf. dans div.,,4901257076,01.10.2026,200,PC,PF TUYAU REFROIDISSEMENT REF 28,BARFLOW_TA11
1000954340,TA11,PRD2,311,TR transf. dans div.,,4901257081,01.10.2026,-480,PC,PF FILTRE HABITACLE REF 27,BARFLOW_TA11
1000954340,TA11,EXP2,311,TR transf. dans div.,,4901257081,01.10.2026,480,PC,PF FILTRE HABITACLE REF 27,BARFLOW_TA11
1000954340,TA11,PRD2,311,TR transf. dans div.,,4901257093,01.10.2026,-480,PC,PF FILTRE HABITACLE REF 27,BARFLOW_TA11
1000954340,TA11,EXP2,311,TR transf. dans div.,,4901257093,01.10.2026,480,PC,PF FILTRE HABITACLE REF 27,BARFLOW_TA11
1000954340,TA11,PRD2,311,TR transf. dans div.,,4901257097,01.10.2026,-480,PC,PF FILTRE HABITACLE REF 27,OPEXP03
1000954340,TA11,EXP2,311,TR transf. dans div.,,4901257097,01.10.2026,480,PC,PF FILTRE HABITACLE REF 27,OPEXP03
1000429497,TA11,PRD2,311,TR transf. dans div.,,4901257100,01.10.2026,-96,PC,PF PANNEAU PORTE DROIT REF 22,BARFLOW_TA11
1000429497,TA11,EXP2,311,TR transf. dans div.,,4901257100,01.10.2026,96,PC,PF PANNEAU PORTE DROIT REF 22,BARFLOW_TA11
1000910625,TA11,EMRT,311,TR transf. dans div.,,4901257106,01.10.2026,-216,PC,PF ECROU PLASTIQUE M8 REF 29,OPEXP01
1000910625,TA11,EXP2,311,TR transf. dans div.,,4901257106,01.10.2026,216,PC,PF ECROU PLASTIQUE M8 REF 29,OPEXP01
1000429497,TA11,PRD2,311,TR transf. dans div.,,4901257111,01.10.2026,-96,PC,PF PANNEAU PORTE DROIT REF 22,BARFLOW_TA11
1000429497,TA11,EXP2,311,TR transf. dans div.,,4901257111,01.10.2026,96,PC,PF PANNEAU PORTE DROIT REF 22,BARFLOW_TA11
1000730226,TA11,EMRT,311,TR transf. dans div.,,4901257115,01.10.2026,-48,PC,PF CAPOT MOTEUR GRIS REF 02,OPEXP02
1000730226,TA11,EXP2,311,TR transf. dans div.,,4901257115,01.10.2026,48,PC,PF CAPOT MOTEUR GRIS REF 02,OPEXP02
1000614750,TA11,PRD2,311,TR transf. dans div.,,4901257117,01.10.2026,-120,PC,PF COQUE RETROVISEUR REF 32,BARFLOW_TA11
1000614750,TA11,EXP2,311,TR transf. dans div.,,4901257117,01.10.2026,120,PC,PF COQUE RETROVISEUR REF 32,BARFLOW_TA11
1000778636,TA11,PRD2,311,TR transf. dans div.,,4901257119,01.10.2026,-144,PC,PF GRILLE AERATION BLANCHE REF 08,OPEXP01
1000778636,TA11,EXP2,311,TR transf. dans div.,,4901257119,01.10.2026,144,PC,PF GRILLE AERATION BLANCHE REF 08,OPEXP01
1000429497,TA11,PRD2,311,TR transf. dans div.,,4901257127,01.10.2026,-96,PC,PF PANNEAU PORTE DROIT REF 22,BARFLOW_TA11
1000429497,TA11,EXP2,311,TR transf. dans div.,,4901257127,01.10.2026,96,PC,PF PANNEAU PORTE DROIT REF 22,BARFLOW_TA11
1000674421,TA11,PRD2,311,TR transf. dans div.,,4901257133,01.10.2026,-750,KG,PF GRANULE PP SAC 25KG,BARFLOW_TA11
1000674421,TA11,EXP2,311,TR transf. dans div.,,4901257133,01.10.2026,750,KG,PF GRANULE PP SAC 25KG,BARFLOW_TA11
1000683594,TA11,PRD2,311,TR transf. dans div.,E,4901257142,01.10.2026,-96,PC,PF BOITIER SERIE SPECIALE REF 34,OPEXP02
1000683594,TA11,EXP2,311,TR transf. dans div.,E,4901257142,01.10.2026,96,PC,PF BOITIER SERIE SPECIALE REF 34,OPEXP02
1000429497,TA11,PRD2,311,TR transf. dans div.,,4901257146,01.10.2026,-96,PC,PF PANNEAU PORTE DROIT REF 22,BARFLOW_TA11
1000429497,TA11,EXP2,311,TR transf. dans div.,,4901257146,01.10.2026,96,PC,PF PANNEAU PORTE DROIT REF 22,BARFLOW_TA11
1000429497,TA11,PRD2,311,TR transf. dans div.,,4901257148,01.10.2026,-96,PC,PF PANNEAU PORTE DROIT REF 22,BARFLOW_TA11
1000429497,TA11,EXP2,311,TR transf. dans div.,,4901257148,01.10.2026,96,PC,PF PANNEAU PORTE DROIT REF 22,BARFLOW_TA11
1000954340,TA11,PRD2,311,TR transf. dans div.,,4901257149,01.10.2026,-480,PC,PF FILTRE HABITACLE REF 27,BARFLOW_TA11
1000954340,TA11,EXP2,311,TR transf. dans div.,,4901257149,01.10.2026,480,PC,PF FILTRE HABITACLE REF 27,BARFLOW_TA11
1000320436,TA11,PRD2,311,TR transf. dans div.,,4901257156,01.10.2026,-60,PC,PF JOINT ETANCHEITE 60MM REF 10,BARFLOW_TA11
1000320436,TA11,EXP2,311,TR transf. dans div.,,4901257156,01.10.2026,60,PC,PF JOINT ETANCHEITE 60MM REF 10,BARFLOW_TA11
1000954340,TA11,PRD2,311,TR transf. dans div.,,4901257157,01.10.2026,-480,PC,PF FILTRE HABITACLE REF 27,BARFLOW_TA11
1000954340,TA11,EXP2,311,TR transf. dans div.,,4901257157,01.10.2026,480,PC,PF FILTRE HABITACLE REF 27,BARFLOW_TA11
1000102657,TA11,PRD2,311,TR transf. dans div.,,4901257161,01.10.2026,-144,PC,PF BAC RANGEMENT REF 23,BARFLOW_TA11
1000102657,TA11,EXP2,311,TR transf. dans div.,,4901257161,01.10.2026,144,PC,PF BAC RANGEMENT REF 23,BARFLOW_TA11
1000778636,TA11,PRD2,311,TR transf. dans div.,,4901257165,01.10.2026,-144,PC,PF GRILLE AERATION BLANCHE REF 08,BARFLOW_TA11
1000778636,TA11,EXP2,311,TR transf. dans div.,,4901257165,01.10.2026,144,PC,PF GRILLE AERATION BLANCHE REF 08,BARFLOW_TA11
1000429497,TA11,PRD2,311,TR transf. dans div.,,4901257168,01.10.2026,-96,PC,PF PANNEAU PORTE DROIT REF 22,BARFLOW_TA11
1000429497,TA11,EXP2,311,TR transf. dans div.,,4901257168,01.10.2026,96,PC,PF PANNEAU PORTE DROIT REF 22,BARFLOW_TA11
1000320436,TA11,PRD2,311,TR transf. dans div.,,4901257173,01.10.2026,-60,PC,PF JOINT ETANCHEITE 60MM REF 10,BARFLOW_TA11
1000320436,TA11,EXP2,311,TR transf. dans div.,,4901257173,01.10.2026,60,PC,PF JOINT ETANCHEITE 60MM REF 10,BARFLOW_TA11
1000320436,TA11,PRD2,311,TR transf. dans div.,,4901257176,01.10.2026,-60,PC,PF JOINT ETANCHEITE 60MM REF 10,BARFLOW_TA11
1000320436,TA11,EXP2,311,TR transf. dans div.,,4901257176,01.10.2026,60,PC,PF JOINT ETANCHEITE 60MM REF 10,BARFLOW_TA11
1000320436,TA11,PRD2,311,TR transf. dans div.,,4901257177,01.10.2026,-60,PC,PF JOINT ETANCHEITE 60MM REF 10,BARFLOW_TA11
1000320436,TA11,EXP2,311,TR transf. dans div.,,4901257177,01.10.2026,60,PC,PF JOINT ETANCHEITE 60MM REF 10,BARFLOW_TA11
1000778636,TA11,PRD2,311,TR transf. dans div.,,4901257181,01.10.2026,-144,PC,PF GRILLE AERATION BLANCHE REF 08,BARFLOW_TA11
1000778636,TA11,EXP2,311,TR transf. dans div.,,4901257181,01.10.2026,144,PC,PF GRILLE AERATION BLANCHE REF 08,BARFLOW_TA11
1000778636,TA11,PRD2,311,TR transf. dans div.,,4901257184,01.10.2026,-144,PC,PF GRILLE AERATION BLANCHE REF 08,BARFLOW_TA11
1000778636,TA11,EXP2,311,TR transf. dans div.,,4901257184,01.10.2026,144,PC,PF GRILLE AERATION BLANCHE REF 08,BARFLOW_TA11
1000778636,TA11,PRD2,311,TR transf. dans div.,,4901257189,01.10.2026,-144,PC,PF GRILLE AERATION BLANCHE REF 08,OPEXP03
1000778636,TA11,EXP2,311,TR transf. dans div.,,4901257189,01.10.2026,144,PC,PF GRILLE AERATION BLANCHE REF 08,OPEXP03
1000429497,TA11,PRD2,311,TR transf. dans div.,,4901257192,01.10.2026,-96,PC,PF PANNEAU PORTE DROIT REF 22,BARFLOW_TA11
1000429497,TA11,EXP2,311,TR transf. dans div.,,4901257192,01.10.2026,96,PC,PF PANNEAU PORTE DROIT REF 22,BARFLOW_TA11
1000887507,TA11,PRD2,311,TR transf. dans div.,,4901257195,01.10.2026,-600,KG,PF COMPOUND ABS VRAC OCTABIN,BARFLOW_TA11
1000887507,TA11,EXP2,311,TR transf. dans div.,,4901257195,01.10.2026,600,KG,PF COMPOUND ABS VRAC OCTABIN,BARFLOW_TA11
1000778636,TA11,PRD2,311,TR transf. dans div.,,4901257198,01.10.2026,-144,PC,PF GRILLE AERATION BLANCHE REF 08,BARFLOW_TA11
1000778636,TA11,EXP2,311,TR transf. dans div.,,4901257198,01.10.2026,144,PC,PF GRILLE AERATION BLANCHE REF 08,BARFLOW_TA11
1000887507,TA11,PRD2,311,TR transf. dans div.,,4901257203,01.10.2026,-600,KG,PF COMPOUND ABS VRAC OCTABIN,BARFLOW_TA11
1000887507,TA11,EXP2,311,TR transf. dans div.,,4901257203,01.10.2026,600,KG,PF COMPOUND ABS VRAC OCTABIN,BARFLOW_TA11
1000887507,TA11,PRD2,311,TR transf. dans div.,,4901257204,01.10.2026,-600,KG,PF COMPOUND ABS VRAC OCTABIN,BARFLOW_TA11
1000887507,TA11,EXP2,311,TR transf. dans div.,,4901257204,01.10.2026,600,KG,PF COMPOUND ABS VRAC OCTABIN,BARFLOW_TA11
1000429497,TA11,PRD2,311,TR transf. dans div.,,4901257205,01.10.2026,-96,PC,PF PANNEAU PORTE DROIT REF 22,BARFLOW_TA11
1000429497,TA11,EXP2,311,TR transf. dans div.,,4901257205,01.10.2026,96,PC,PF PANNEAU PORTE DROIT REF 22,BARFLOW_TA11
1000887507,TA11,PRD2,311,TR transf. dans div.,,4901257208,01.10.2026,-600,KG,PF COMPOUND ABS VRAC OCTABIN,BARFLOW_TA11
1000887507,TA11,EXP2,311,TR transf. dans div.,,4901257208,01.10.2026,600,KG,PF COMPOUND ABS VRAC OCTABIN,BARFLOW_TA11
1000887507,TA11,PRD2,311,TR transf. dans div.,,4901257210,01.10.2026,-600,KG,PF COMPOUND ABS VRAC OCTABIN,BARFLOW_TA11
1000887507,TA11,EXP2,311,TR transf. dans div.,,4901257210,01.10.2026,600,KG,PF COMPOUND ABS VRAC OCTABIN,BARFLOW_TA11
1000887507,TA11,PRD2,311,TR transf. dans div.,,4901257211,01.10.2026,-600,KG,PF COMPOUND ABS VRAC OCTABIN,BARFLOW_TA11
1000887507,TA11,EXP2,311,TR transf. dans div.,,4901257211,01.10.2026,600,KG,PF COMPOUND ABS VRAC OCTABIN,BARFLOW_TA11
1000562521,TA11,PRD2,311,TR transf. dans div.,,4901257218,01.10.2026,-144,PC,PF BRIDE SERRAGE INOX REF 16,BARFLOW_TA11
1000562521,TA11,EXP2,311,TR transf. dans div.,,4901257218,01.10.2026,144,PC,PF BRIDE SERRAGE INOX REF 16,BARFLOW_TA11
1000562521,TA11,PRD2,311,TR transf. dans div.,,4901257220,01.10.2026,-144,PC,PF BRIDE SERRAGE INOX REF 16,OPEXP03
1000562521,TA11,EXP2,311,TR transf. dans div.,,4901257220,01.10.2026,144,PC,PF BRIDE SERRAGE INOX REF 16,OPEXP03
1000887507,TA11,PRD2,311,TR transf. dans div.,,4901257224,01.10.2026,-470.75,KG,PF COMPOUND ABS VRAC OCTABIN,BARFLOW_TA11
1000887507,TA11,EXP2,311,TR transf. dans div.,,4901257224,01.10.2026,470.75,KG,PF COMPOUND ABS VRAC OCTABIN,BARFLOW_TA11
1000956436,TA11,EXP2,311,TR transf. dans div.,,4901257225,01.10.2026,-1200,KG,PF MELANGE MAITRE BLANC SAC,OPEXP01
1000956436,TA11,EMRT,311,TR transf. dans div.,,4901257225,01.10.2026,1200,KG,PF MELANGE MAITRE BLANC SAC,OPEXP01
1000562521,TA11,PRD2,311,TR transf. dans div.,,4901257227,01.10.2026,-144,PC,PF BRIDE SERRAGE INOX REF 16,BARFLOW_TA11
1000562521,TA11,EXP2,311,TR transf. dans div.,,4901257227,01.10.2026,144,PC,PF BRIDE SERRAGE INOX REF 16,BARFLOW_TA11
1000562521,TA11,PRD2,311,TR transf. dans div.,,4901257230,01.10.2026,-144,PC,PF BRIDE SERRAGE INOX REF 16,BARFLOW_TA11
1000562521,TA11,EXP2,311,TR transf. dans div.,,4901257230,01.10.2026,144,PC,PF BRIDE SERRAGE INOX REF 16,BARFLOW_TA11
1000751673,TA11,PRD2,311,TR transf. dans div.,,4901257244,01.10.2026,-200,PC,PF BOUCHON RESERVOIR REF 07,BARFLOW_TA11
1000751673,TA11,EXP2,311,TR transf. dans div.,,4901257244,01.10.2026,200,PC,PF BOUCHON RESERVOIR REF 07,BARFLOW_TA11
1000562521,TA11,PRD2,311,TR transf. dans div.,,4901257255,01.10.2026,-112,PC,PF BRIDE SERRAGE INOX REF 16,BARFLOW_TA11
1000562521,TA11,EXP2,311,TR transf. dans div.,,4901257255,01.10.2026,112,PC,PF BRIDE SERRAGE INOX REF 16,BARFLOW_TA11
1000224906,TA11,EXP2,311,TR transf. dans div.,,4901257258,01.10.2026,-576,PC,PF COUVERCLE BATTERIE REF 13,OPEXP02
1000224906,TA11,EMRT,311,TR transf. dans div.,,4901257258,01.10.2026,576,PC,PF COUVERCLE BATTERIE REF 13,OPEXP02
1000351589,TA11,PRD2,311,TR transf. dans div.,,4901257269,01.10.2026,-48,PC,PF BOITIER COMMANDE REF 31,BARFLOW_TA11
1000351589,TA11,EXP2,311,TR transf. dans div.,,4901257269,01.10.2026,48,PC,PF BOITIER COMMANDE REF 31,BARFLOW_TA11
1000351589,TA11,PRD2,311,TR transf. dans div.,,4901257274,01.10.2026,-48,PC,PF BOITIER COMMANDE REF 31,BARFLOW_TA11
1000351589,TA11,EXP2,311,TR transf. dans div.,,4901257274,01.10.2026,48,PC,PF BOITIER COMMANDE REF 31,BARFLOW_TA11
1000351589,TA11,PRD2,311,TR transf. dans div.,,4901257275,01.10.2026,-48,PC,PF BOITIER COMMANDE REF 31,BARFLOW_TA11
1000351589,TA11,EXP2,311,TR transf. dans div.,,4901257275,01.10.2026,48,PC,PF BOITIER COMMANDE REF 31,BARFLOW_TA11
1000351589,TA11,PRD2,311,TR transf. dans div.,,4901257277,01.10.2026,-48,PC,PF BOITIER COMMANDE REF 31,BARFLOW_TA11
1000351589,TA11,EXP2,311,TR transf. dans div.,,4901257277,01.10.2026,48,PC,PF BOITIER COMMANDE REF 31,BARFLOW_TA11
1000351589,TA11,PRD2,311,TR transf. dans div.,,4901257287,01.10.2026,-48,PC,PF BOITIER COMMANDE REF 31,BARFLOW_TA11
1000351589,TA11,EXP2,311,TR transf. dans div.,,4901257287,01.10.2026,48,PC,PF BOITIER COMMANDE REF 31,BARFLOW_TA11
1000744039,TA11,PRD2,311,TR transf. dans div.,,4901257294,01.10.2026,-480,PC,PF PATTE FIXATION REF 26,BARFLOW_TA11
1000744039,TA11,EXP2,311,TR transf. dans div.,,4901257294,01.10.2026,480,PC,PF PATTE FIXATION REF 26,BARFLOW_TA11
1000744039,TA11,PRD2,311,TR transf. dans div.,,4901257296,01.10.2026,-480,PC,PF PATTE FIXATION REF 26,BARFLOW_TA11
1000744039,TA11,EXP2,311,TR transf. dans div.,,4901257296,01.10.2026,480,PC,PF PATTE FIXATION REF 26,BARFLOW_TA11
1000351589,TA11,PRD2,311,TR transf. dans div.,,4901257301,01.10.2026,-48,PC,PF BOITIER COMMANDE REF 31,BARFLOW_TA11
1000351589,TA11,EXP2,311,TR transf. dans div.,,4901257301,01.10.2026,48,PC,PF BOITIER COMMANDE REF 31,BARFLOW_TA11
1000351589,TA11,PRD2,311,TR transf. dans div.,,4901257303,01.10.2026,-48,PC,PF BOITIER COMMANDE REF 31,BARFLOW_TA11
1000351589,TA11,EXP2,311,TR transf. dans div.,,4901257303,01.10.2026,48,PC,PF BOITIER COMMANDE REF 31,BARFLOW_TA11
1000571497,TA11,PRD2,311,TR transf. dans div.,,4901257304,01.10.2026,-96,PC,PF CARTER NOUVELLE VERSION REF 35,BARFLOW_TA11
1000571497,TA11,EXP2,311,TR transf. dans div.,,4901257304,01.10.2026,96,PC,PF CARTER NOUVELLE VERSION REF 35,BARFLOW_TA11
1000571497,TA11,PRD2,311,TR transf. dans div.,,4901257307,01.10.2026,-96,PC,PF CARTER NOUVELLE VERSION REF 35,BARFLOW_TA11
1000571497,TA11,EXP2,311,TR transf. dans div.,,4901257307,01.10.2026,96,PC,PF CARTER NOUVELLE VERSION REF 35,BARFLOW_TA11
1000351589,TA11,PRD2,311,TR transf. dans div.,,4901257314,01.10.2026,-48,PC,PF BOITIER COMMANDE REF 31,BARFLOW_TA11
1000351589,TA11,EXP2,311,TR transf. dans div.,,4901257314,01.10.2026,48,PC,PF BOITIER COMMANDE REF 31,BARFLOW_TA11
1000351589,TA11,PRD2,311,TR transf. dans div.,,4901257317,01.10.2026,-31,PC,PF BOITIER COMMANDE REF 31,BARFLOW_TA11
1000351589,TA11,EXP2,311,TR transf. dans div.,,4901257317,01.10.2026,31,PC,PF BOITIER COMMANDE REF 31,BARFLOW_TA11
1000744039,TA11,PRD2,311,TR transf. dans div.,,4901257320,01.10.2026,-480,PC,PF PATTE FIXATION REF 26,BARFLOW_TA11
1000744039,TA11,EXP2,311,TR transf. dans div.,,4901257320,01.10.2026,480,PC,PF PATTE FIXATION REF 26,BARFLOW_TA11
1000744039,TA11,PRD2,311,TR transf. dans div.,,4901257321,01.10.2026,-480,PC,PF PATTE FIXATION REF 26,BARFLOW_TA11
1000744039,TA11,EXP2,311,TR transf. dans div.,,4901257321,01.10.2026,480,PC,PF PATTE FIXATION REF 26,BARFLOW_TA11
1000744039,TA11,PRD2,311,TR transf. dans div.,,4901257324,01.10.2026,-480,PC,PF PATTE FIXATION REF 26,BARFLOW_TA11
1000744039,TA11,EXP2,311,TR transf. dans div.,,4901257324,01.10.2026,480,PC,PF PATTE FIXATION REF 26,BARFLOW_TA11
1000744039,TA11,PRD2,311,TR transf. dans div.,,4901257328,01.10.2026,-417,PC,PF PATTE FIXATION REF 26,BARFLOW_TA11
1000744039,TA11,EXP2,311,TR transf. dans div.,,4901257328,01.10.2026,417,PC,PF PATTE FIXATION REF 26,BARFLOW_TA11
1000429497,TA11,PRD2,311,TR transf. dans div.,,4901257332,02.10.2026,-96,PC,PF PANNEAU PORTE DROIT REF 22,BARFLOW_TA11
1000429497,TA11,EXP2,311,TR transf. dans div.,,4901257332,02.10.2026,96,PC,PF PANNEAU PORTE DROIT REF 22,BARFLOW_TA11
1000954340,TA11,PRD2,311,TR transf. dans div.,,4901257334,02.10.2026,-480,PC,PF FILTRE HABITACLE REF 27,BARFLOW_TA11
1000954340,TA11,EXP2,311,TR transf. dans div.,,4901257334,02.10.2026,480,PC,PF FILTRE HABITACLE REF 27,BARFLOW_TA11
1000351589,TA11,PRD2,311,TR transf. dans div.,,4901257342,02.10.2026,-48,PC,PF BOITIER COMMANDE REF 31,BARFLOW_TA11
1000351589,TA11,EXP2,311,TR transf. dans div.,,4901257342,02.10.2026,48,PC,PF BOITIER COMMANDE REF 31,BARFLOW_TA11
1000351589,TA11,PRD2,311,TR transf. dans div.,,4901257347,02.10.2026,-48,PC,PF BOITIER COMMANDE REF 31,BARFLOW_TA11
1000351589,TA11,EXP2,311,TR transf. dans div.,,4901257347,02.10.2026,48,PC,PF BOITIER COMMANDE REF 31,BARFLOW_TA11
1000351589,TA11,PRD2,311,TR transf. dans div.,,4901257349,02.10.2026,-48,PC,PF BOITIER COMMANDE REF 31,BARFLOW_TA11
1000351589,TA11,EXP2,311,TR transf. dans div.,,4901257349,02.10.2026,48,PC,PF BOITIER COMMANDE REF 31,BARFLOW_TA11
1000751673,TA11,PRD2,311,TR transf. dans div.,,4901257359,02.10.2026,-200,PC,PF BOUCHON RESERVOIR REF 07,BARFLOW_TA11
1000751673,TA11,EXP2,311,TR transf. dans div.,,4901257359,02.10.2026,200,PC,PF BOUCHON RESERVOIR REF 07,BARFLOW_TA11
1000744039,TA11,PRD2,311,TR transf. dans div.,,4901257361,02.10.2026,-480,PC,PF PATTE FIXATION REF 26,OPEXP03
1000744039,TA11,EXP2,311,TR transf. dans div.,,4901257361,02.10.2026,480,PC,PF PATTE FIXATION REF 26,OPEXP03
1000744039,TA11,PRD2,311,TR transf. dans div.,,4901257363,02.10.2026,-480,PC,PF PATTE FIXATION REF 26,BARFLOW_TA11
1000744039,TA11,EXP2,311,TR transf. dans div.,,4901257363,02.10.2026,480,PC,PF PATTE FIXATION REF 26,BARFLOW_TA11
1000744039,TA11,PRD2,311,TR transf. dans div.,,4901257370,02.10.2026,-480,PC,PF PATTE FIXATION REF 26,BARFLOW_TA11
1000744039,TA11,EXP2,311,TR transf. dans div.,,4901257370,02.10.2026,480,PC,PF PATTE FIXATION REF 26,BARFLOW_TA11
1000351589,TA11,PRD2,311,TR transf. dans div.,,4901257372,02.10.2026,-48,PC,PF BOITIER COMMANDE REF 31,BARFLOW_TA11
1000351589,TA11,EXP2,311,TR transf. dans div.,,4901257372,02.10.2026,48,PC,PF BOITIER COMMANDE REF 31,BARFLOW_TA11
1000887507,TA11,PRD2,311,TR transf. dans div.,,4901257378,02.10.2026,-600,KG,PF COMPOUND ABS VRAC OCTABIN,OPEXP03
1000887507,TA11,EXP2,311,TR transf. dans div.,,4901257378,02.10.2026,600,KG,PF COMPOUND ABS VRAC OCTABIN,OPEXP03
1000744039,TA11,PRD2,311,TR transf. dans div.,,4901257381,02.10.2026,-480,PC,PF PATTE FIXATION REF 26,BARFLOW_TA11
1000744039,TA11,EXP2,311,TR transf. dans div.,,4901257381,02.10.2026,480,PC,PF PATTE FIXATION REF 26,BARFLOW_TA11
1000744039,TA11,PRD2,311,TR transf. dans div.,,4901257385,02.10.2026,-480,PC,PF PATTE FIXATION REF 26,OPEXP01
1000744039,TA11,EXP2,311,TR transf. dans div.,,4901257385,02.10.2026,480,PC,PF PATTE FIXATION REF 26,OPEXP01
1000751673,TA11,PRD2,311,TR transf. dans div.,,4901257393,02.10.2026,-200,PC,PF BOUCHON RESERVOIR REF 07,BARFLOW_TA11
1000751673,TA11,EXP2,311,TR transf. dans div.,,4901257393,02.10.2026,200,PC,PF BOUCHON RESERVOIR REF 07,BARFLOW_TA11
1000751673,TA11,EXP2,312,TR transf. div. ann.,,4901257394,02.10.2026,-200,PC,PF BOUCHON RESERVOIR REF 07,OPEXP01
1000751673,TA11,PRD2,312,TR transf. div. ann.,,4901257394,02.10.2026,200,PC,PF BOUCHON RESERVOIR REF 07,OPEXP01
1000102657,TA11,PRD2,311,TR transf. dans div.,,4901257397,02.10.2026,-144,PC,PF BAC RANGEMENT REF 23,BARFLOW_TA11
1000102657,TA11,EXP2,311,TR transf. dans div.,,4901257397,02.10.2026,144,PC,PF BAC RANGEMENT REF 23,BARFLOW_TA11
1000102657,TA11,PRD2,311,TR transf. dans div.,,4901257405,02.10.2026,-144,PC,PF BAC RANGEMENT REF 23,BARFLOW_TA11
1000102657,TA11,EXP2,311,TR transf. dans div.,,4901257405,02.10.2026,144,PC,PF BAC RANGEMENT REF 23,BARFLOW_TA11
1000429497,TA11,PRD2,311,TR transf. dans div.,,4901257406,02.10.2026,-96,PC,PF PANNEAU PORTE DROIT REF 22,OPEXP03
1000429497,TA11,EXP2,311,TR transf. dans div.,,4901257406,02.10.2026,96,PC,PF PANNEAU PORTE DROIT REF 22,OPEXP03
1000744039,TA11,EMRT,311,TR transf. dans div.,,4901257411,02.10.2026,-1440,PC,PF PATTE FIXATION REF 26,CHEFQUAI1
1000744039,TA11,EXP2,311,TR transf. dans div.,,4901257411,02.10.2026,1440,PC,PF PATTE FIXATION REF 26,CHEFQUAI1
1000351589,TA11,PRD2,311,TR transf. dans div.,,4901257420,02.10.2026,-48,PC,PF BOITIER COMMANDE REF 31,BARFLOW_TA11
1000351589,TA11,EXP2,311,TR transf. dans div.,,4901257420,02.10.2026,48,PC,PF BOITIER COMMANDE REF 31,BARFLOW_TA11
1000351589,TA11,PRD2,311,TR transf. dans div.,,4901257425,02.10.2026,-48,PC,PF BOITIER COMMANDE REF 31,BARFLOW_TA11
1000351589,TA11,EXP2,311,TR transf. dans div.,,4901257425,02.10.2026,48,PC,PF BOITIER COMMANDE REF 31,BARFLOW_TA11
1000744039,TA11,PRD2,311,TR transf. dans div.,,4901257428,02.10.2026,-480,PC,PF PATTE FIXATION REF 26,BARFLOW_TA11
1000744039,TA11,EXP2,311,TR transf. dans div.,,4901257428,02.10.2026,480,PC,PF PATTE FIXATION REF 26,BARFLOW_TA11
1000102657,TA11,PRD2,311,TR transf. dans div.,,4901257430,02.10.2026,-144,PC,PF BAC RANGEMENT REF 23,BARFLOW_TA11
1000102657,TA11,EXP2,311,TR transf. dans div.,,4901257430,02.10.2026,144,PC,PF BAC RANGEMENT REF 23,BARFLOW_TA11
1000351589,TA11,PRD2,311,TR transf. dans div.,,4901257433,02.10.2026,-48,PC,PF BOITIER COMMANDE REF 31,BARFLOW_TA11
1000351589,TA11,EXP2,311,TR transf. dans div.,,4901257433,02.10.2026,48,PC,PF BOITIER COMMANDE REF 31,BARFLOW_TA11
1000744039,TA11,PRD2,311,TR transf. dans div.,,4901257436,02.10.2026,-480,PC,PF PATTE FIXATION REF 26,BARFLOW_TA11
1000744039,TA11,EXP2,311,TR transf. dans div.,,4901257436,02.10.2026,480,PC,PF PATTE FIXATION REF 26,BARFLOW_TA11
1000351589,TA11,PRD2,311,TR transf. dans div.,,4901257437,02.10.2026,-48,PC,PF BOITIER COMMANDE REF 31,OPEXP03
1000351589,TA11,EXP2,311,TR transf. dans div.,,4901257437,02.10.2026,48,PC,PF BOITIER COMMANDE REF 31,OPEXP03
1000778636,TA11,EXP2,311,TR transf. dans div.,,4901257439,02.10.2026,-144,PC,PF GRILLE AERATION BLANCHE REF 08,OPEXP03
1000778636,TA11,EMRT,311,TR transf. dans div.,,4901257439,02.10.2026,144,PC,PF GRILLE AERATION BLANCHE REF 08,OPEXP03
1000102657,TA11,PRD2,311,TR transf. dans div.,,4901257442,02.10.2026,-144,PC,PF BAC RANGEMENT REF 23,BARFLOW_TA11
1000102657,TA11,EXP2,311,TR transf. dans div.,,4901257442,02.10.2026,144,PC,PF BAC RANGEMENT REF 23,BARFLOW_TA11
1000541046,TA11,EXP2,311,TR transf. dans div.,,4901257445,02.10.2026,-288,PC,PF CLIP FIXATION X100 REF 30,OPEXP03
1000541046,TA11,EMRT,311,TR transf. dans div.,,4901257445,02.10.2026,288,PC,PF CLIP FIXATION X100 REF 30,OPEXP03
1000921426,TA11,PRD2,311,TR transf. dans div.,,4901257446,02.10.2026,-200,PC,PF CONDUIT AIR 80MM REF 15,BARFLOW_TA11
1000921426,TA11,EXP2,311,TR transf. dans div.,,4901257446,02.10.2026,200,PC,PF CONDUIT AIR 80MM REF 15,BARFLOW_TA11
1000102657,TA11,EXP2,311,TR transf. dans div.,,4901257452,02.10.2026,-288,PC,PF BAC RANGEMENT REF 23,OPEXP03
1000102657,TA11,EMRT,311,TR transf. dans div.,,4901257452,02.10.2026,288,PC,PF BAC RANGEMENT REF 23,OPEXP03
1000351589,TA11,PRD2,311,TR transf. dans div.,,4901257455,02.10.2026,-48,PC,PF BOITIER COMMANDE REF 31,BARFLOW_TA11
1000351589,TA11,EXP2,311,TR transf. dans div.,,4901257455,02.10.2026,48,PC,PF BOITIER COMMANDE REF 31,BARFLOW_TA11
1000351589,TA11,PRD2,311,TR transf. dans div.,,4901257456,02.10.2026,-48,PC,PF BOITIER COMMANDE REF 31,BARFLOW_TA11
1000351589,TA11,EXP2,311,TR transf. dans div.,,4901257456,02.10.2026,48,PC,PF BOITIER COMMANDE REF 31,BARFLOW_TA11
1000351589,TA11,PRD2,311,TR transf. dans div.,,4901257457,02.10.2026,-48,PC,PF BOITIER COMMANDE REF 31,OPEXP02
1000351589,TA11,EXP2,311,TR transf. dans div.,,4901257457,02.10.2026,48,PC,PF BOITIER COMMANDE REF 31,OPEXP02
1000102657,TA11,PRD2,311,TR transf. dans div.,,4901257462,02.10.2026,-144,PC,PF BAC RANGEMENT REF 23,BARFLOW_TA11
1000102657,TA11,EXP2,311,TR transf. dans div.,,4901257462,02.10.2026,144,PC,PF BAC RANGEMENT REF 23,BARFLOW_TA11
1000216115,TA11,PRD2,311,TR transf. dans div.,,4901257470,02.10.2026,-480,PC,PF PLAQUE INSONORISANTE REF 33,BARFLOW_TA11
1000216115,TA11,EXP2,311,TR transf. dans div.,,4901257470,02.10.2026,480,PC,PF PLAQUE INSONORISANTE REF 33,BARFLOW_TA11
1000216115,TA11,PRD2,311,TR transf. dans div.,,4901257473,02.10.2026,-480,PC,PF PLAQUE INSONORISANTE REF 33,BARFLOW_TA11
1000216115,TA11,EXP2,311,TR transf. dans div.,,4901257473,02.10.2026,480,PC,PF PLAQUE INSONORISANTE REF 33,BARFLOW_TA11
1000216115,TA11,PRD2,311,TR transf. dans div.,,4901257479,02.10.2026,-480,PC,PF PLAQUE INSONORISANTE REF 33,BARFLOW_TA11
1000216115,TA11,EXP2,311,TR transf. dans div.,,4901257479,02.10.2026,480,PC,PF PLAQUE INSONORISANTE REF 33,BARFLOW_TA11
1000435003,TA11,PRD2,311,TR transf. dans div.,,4901257485,02.10.2026,-120,PC,PF CAPTEUR TEMPERATURE REF 17,BARFLOW_TA11
1000435003,TA11,EXP2,311,TR transf. dans div.,,4901257485,02.10.2026,120,PC,PF CAPTEUR TEMPERATURE REF 17,BARFLOW_TA11
1000184644,TA11,EXP2,311,TR transf. dans div.,,4901257486,02.10.2026,-200,PC,PF RESERVOIR LAVE-GLACE REF 18,OPEXP01
1000184644,TA11,EMRT,311,TR transf. dans div.,,4901257486,02.10.2026,200,PC,PF RESERVOIR LAVE-GLACE REF 18,OPEXP01
1000614750,TA11,PRD2,311,TR transf. dans div.,,4901257490,02.10.2026,-120,PC,PF COQUE RETROVISEUR REF 32,OPEXP02
1000614750,TA11,EXP2,311,TR transf. dans div.,,4901257490,02.10.2026,120,PC,PF COQUE RETROVISEUR REF 32,OPEXP02
1000541046,TA11,EMRT,311,TR transf. dans div.,,4901257493,02.10.2026,-288,PC,PF CLIP FIXATION X100 REF 30,OPEXP01
1000541046,TA11,EXP2,311,TR transf. dans div.,,4901257493,02.10.2026,288,PC,PF CLIP FIXATION X100 REF 30,OPEXP01
1000216115,TA11,PRD2,311,TR transf. dans div.,,4901257498,02.10.2026,-480,PC,PF PLAQUE INSONORISANTE REF 33,BARFLOW_TA11
1000216115,TA11,EXP2,311,TR transf. dans div.,,4901257498,02.10.2026,480,PC,PF PLAQUE INSONORISANTE REF 33,BARFLOW_TA11
1000614750,TA11,PRD2,311,TR transf. dans div.,,4901257502,02.10.2026,-120,PC,PF COQUE RETROVISEUR REF 32,BARFLOW_TA11
1000614750,TA11,EXP2,311,TR transf. dans div.,,4901257502,02.10.2026,120,PC,PF COQUE RETROVISEUR REF 32,BARFLOW_TA11
1000614750,TA11,PRD2,311,TR transf. dans div.,,4901257509,02.10.2026,-120,PC,PF COQUE RETROVISEUR REF 32,OPEXP01
1000614750,TA11,EXP2,311,TR transf. dans div.,,4901257509,02.10.2026,120,PC,PF COQUE RETROVISEUR REF 32,OPEXP01
1000541046,TA11,PRD2,311,TR transf. dans div.,,4901257511,02.10.2026,-144,PC,PF CLIP FIXATION X100 REF 30,BARFLOW_TA11
1000541046,TA11,EXP2,311,TR transf. dans div.,,4901257511,02.10.2026,144,PC,PF CLIP FIXATION X100 REF 30,BARFLOW_TA11
1000614750,TA11,PRD2,311,TR transf. dans div.,,4901257515,02.10.2026,-120,PC,PF COQUE RETROVISEUR REF 32,OPEXP03
1000614750,TA11,EXP2,311,TR transf. dans div.,,4901257515,02.10.2026,120,PC,PF COQUE RETROVISEUR REF 32,OPEXP03
1000216115,TA11,PRD2,311,TR transf. dans div.,,4901257519,02.10.2026,-480,PC,PF PLAQUE INSONORISANTE REF 33,BARFLOW_TA11
1000216115,TA11,EXP2,311,TR transf. dans div.,,4901257519,02.10.2026,480,PC,PF PLAQUE INSONORISANTE REF 33,BARFLOW_TA11
1000216115,TA11,PRD2,311,TR transf. dans div.,,4901257521,02.10.2026,-480,PC,PF PLAQUE INSONORISANTE REF 33,BARFLOW_TA11
1000216115,TA11,EXP2,311,TR transf. dans div.,,4901257521,02.10.2026,480,PC,PF PLAQUE INSONORISANTE REF 33,BARFLOW_TA11
1000320436,TA11,PRD2,311,TR transf. dans div.,,4901257526,02.10.2026,-60,PC,PF JOINT ETANCHEITE 60MM REF 10,BARFLOW_TA11
1000320436,TA11,EXP2,311,TR transf. dans div.,,4901257526,02.10.2026,60,PC,PF JOINT ETANCHEITE 60MM REF 10,BARFLOW_TA11
1000541046,TA11,PRD2,311,TR transf. dans div.,,4901257527,02.10.2026,-144,PC,PF CLIP FIXATION X100 REF 30,BARFLOW_TA11
1000541046,TA11,EXP2,311,TR transf. dans div.,,4901257527,02.10.2026,144,PC,PF CLIP FIXATION X100 REF 30,BARFLOW_TA11
1000541046,TA11,PRD2,311,TR transf. dans div.,,4901257530,02.10.2026,-144,PC,PF CLIP FIXATION X100 REF 30,BARFLOW_TA11
1000541046,TA11,EXP2,311,TR transf. dans div.,,4901257530,02.10.2026,144,PC,PF CLIP FIXATION X100 REF 30,BARFLOW_TA11
1000224906,TA11,EMRT,311,TR transf. dans div.,,4901257535,02.10.2026,-288,PC,PF COUVERCLE BATTERIE REF 13,OPEXP01
1000224906,TA11,EXP2,311,TR transf. dans div.,,4901257535,02.10.2026,288,PC,PF COUVERCLE BATTERIE REF 13,OPEXP01
1000541046,TA11,PRD2,311,TR transf. dans div.,,4901257537,02.10.2026,-144,PC,PF CLIP FIXATION X100 REF 30,BARFLOW_TA11
1000541046,TA11,EXP2,311,TR transf. dans div.,,4901257537,02.10.2026,144,PC,PF CLIP FIXATION X100 REF 30,BARFLOW_TA11
1000921426,TA11,PRD2,311,TR transf. dans div.,,4901257538,02.10.2026,-200,PC,PF CONDUIT AIR 80MM REF 15,OPEXP02
1000921426,TA11,EXP2,311,TR transf. dans div.,,4901257538,02.10.2026,200,PC,PF CONDUIT AIR 80MM REF 15,OPEXP02
1000571497,TA11,PRD2,311,TR transf. dans div.,,4901257556,02.10.2026,-96,PC,PF CARTER NOUVELLE VERSION REF 35,BARFLOW_TA11
1000571497,TA11,EXP2,311,TR transf. dans div.,,4901257556,02.10.2026,96,PC,PF CARTER NOUVELLE VERSION REF 35,BARFLOW_TA11
1000571497,TA11,PRD2,311,TR transf. dans div.,,4901257561,02.10.2026,-96,PC,PF CARTER NOUVELLE VERSION REF 35,BARFLOW_TA11
1000571497,TA11,EXP2,311,TR transf. dans div.,,4901257561,02.10.2026,96,PC,PF CARTER NOUVELLE VERSION REF 35,BARFLOW_TA11
1000818461,TA11,PRD2,311,TR transf. dans div.,,4901257563,02.10.2026,-36,PC,PF CONSOLE CENTRALE REF 24,BARFLOW_TA11
1000818461,TA11,EXP2,311,TR transf. dans div.,,4901257563,02.10.2026,36,PC,PF CONSOLE CENTRALE REF 24,BARFLOW_TA11
1000571497,TA11,PRD2,311,TR transf. dans div.,,4901257567,02.10.2026,-96,PC,PF CARTER NOUVELLE VERSION REF 35,OPEXP03
1000571497,TA11,EXP2,311,TR transf. dans div.,,4901257567,02.10.2026,96,PC,PF CARTER NOUVELLE VERSION REF 35,OPEXP03
1000818461,TA11,PRD2,311,TR transf. dans div.,,4901257572,02.10.2026,-36,PC,PF CONSOLE CENTRALE REF 24,BARFLOW_TA11
1000818461,TA11,EXP2,311,TR transf. dans div.,,4901257572,02.10.2026,36,PC,PF CONSOLE CENTRALE REF 24,BARFLOW_TA11
1000910625,TA11,PRD2,311,TR transf. dans div.,,4901257583,02.10.2026,-72,PC,PF ECROU PLASTIQUE M8 REF 29,BARFLOW_TA11
1000910625,TA11,EXP2,311,TR transf. dans div.,,4901257583,02.10.2026,72,PC,PF ECROU PLASTIQUE M8 REF 29,BARFLOW_TA11
1000571497,TA11,PRD2,311,TR transf. dans div.,,4901257590,02.10.2026,-96,PC,PF CARTER NOUVELLE VERSION REF 35,OPEXP03
1000571497,TA11,EXP2,311,TR transf. dans div.,,4901257590,02.10.2026,96,PC,PF CARTER NOUVELLE VERSION REF 35,OPEXP03
1000910625,TA11,PRD2,311,TR transf. dans div.,,4901257597,02.10.2026,-72,PC,PF ECROU PLASTIQUE M8 REF 29,BARFLOW_TA11
1000910625,TA11,EXP2,311,TR transf. dans div.,,4901257597,02.10.2026,72,PC,PF ECROU PLASTIQUE M8 REF 29,BARFLOW_TA11
1000715011,TA11,PRD2,311,TR transf. dans div.,,4901257600,02.10.2026,-750,KG,PF POUDRE EPOXY SAC 20KG,OPEXP03
1000715011,TA11,EXP2,311,TR transf. dans div.,,4901257600,02.10.2026,750,KG,PF POUDRE EPOXY SAC 20KG,OPEXP03
1000910625,TA11,PRD2,311,TR transf. dans div.,,4901257602,02.10.2026,-72,PC,PF ECROU PLASTIQUE M8 REF 29,OPEXP03
1000910625,TA11,EXP2,311,TR transf. dans div.,,4901257602,02.10.2026,72,PC,PF ECROU PLASTIQUE M8 REF 29,OPEXP03
1000910625,TA11,PRD2,311,TR transf. dans div.,,4901257609,02.10.2026,-72,PC,PF ECROU PLASTIQUE M8 REF 29,BARFLOW_TA11
1000910625,TA11,EXP2,311,TR transf. dans div.,,4901257609,02.10.2026,72,PC,PF ECROU PLASTIQUE M8 REF 29,BARFLOW_TA11
1000910625,TA11,PRD2,311,TR transf. dans div.,,4901257620,02.10.2026,-72,PC,PF ECROU PLASTIQUE M8 REF 29,BARFLOW_TA11
1000910625,TA11,EXP2,311,TR transf. dans div.,,4901257620,02.10.2026,72,PC,PF ECROU PLASTIQUE M8 REF 29,BARFLOW_TA11
1000921426,TA11,PRD2,311,TR transf. dans div.,,4901257627,02.10.2026,-200,PC,PF CONDUIT AIR 80MM REF 15,BARFLOW_TA11
1000921426,TA11,EXP2,311,TR transf. dans div.,,4901257627,02.10.2026,200,PC,PF CONDUIT AIR 80MM REF 15,BARFLOW_TA11
1000715011,TA11,PRD2,311,TR transf. dans div.,,4901257628,02.10.2026,-750,KG,PF POUDRE EPOXY SAC 20KG,BARFLOW_TA11
1000715011,TA11,EXP2,311,TR transf. dans div.,,4901257628,02.10.2026,750,KG,PF POUDRE EPOXY SAC 20KG,BARFLOW_TA11
1000562521,TA11,PRD2,311,TR transf. dans div.,,4901257633,02.10.2026,-144,PC,PF BRIDE SERRAGE INOX REF 16,BARFLOW_TA11
1000562521,TA11,EXP2,311,TR transf. dans div.,,4901257633,02.10.2026,144,PC,PF BRIDE SERRAGE INOX REF 16,BARFLOW_TA11
1000921426,TA11,PRD2,311,TR transf. dans div.,,4901257638,02.10.2026,-200,PC,PF CONDUIT AIR 80MM REF 15,BARFLOW_TA11
1000921426,TA11,EXP2,311,TR transf. dans div.,,4901257638,02.10.2026,200,PC,PF CONDUIT AIR 80MM REF 15,BARFLOW_TA11
1000715011,TA11,PRD2,311,TR transf. dans div.,,4901257639,02.10.2026,-750,KG,PF POUDRE EPOXY SAC 20KG,BARFLOW_TA11
1000715011,TA11,EXP2,311,TR transf. dans div.,,4901257639,02.10.2026,750,KG,PF POUDRE EPOXY SAC 20KG,BARFLOW_TA11
1000562521,TA11,PRD2,311,TR transf. dans div.,,4901257642,02.10.2026,-144,PC,PF BRIDE SERRAGE INOX REF 16,BARFLOW_TA11
1000562521,TA11,EXP2,311,TR transf. dans div.,,4901257642,02.10.2026,144,PC,PF BRIDE SERRAGE INOX REF 16,BARFLOW_TA11
1000910625,TA11,PRD2,311,TR transf. dans div.,,4901257645,02.10.2026,-72,PC,PF ECROU PLASTIQUE M8 REF 29,BARFLOW_TA11
1000910625,TA11,EXP2,311,TR transf. dans div.,,4901257645,02.10.2026,72,PC,PF ECROU PLASTIQUE M8 REF 29,BARFLOW_TA11
1000910625,TA11,PRD2,311,TR transf. dans div.,,4901257646,02.10.2026,-72,PC,PF ECROU PLASTIQUE M8 REF 29,BARFLOW_TA11
1000910625,TA11,EXP2,311,TR transf. dans div.,,4901257646,02.10.2026,72,PC,PF ECROU PLASTIQUE M8 REF 29,BARFLOW_TA11
1000921426,TA11,PRD2,311,TR transf. dans div.,,4901257649,02.10.2026,-200,PC,PF CONDUIT AIR 80MM REF 15,BARFLOW_TA11
1000921426,TA11,EXP2,311,TR transf. dans div.,,4901257649,02.10.2026,200,PC,PF CONDUIT AIR 80MM REF 15,BARFLOW_TA11
1000910625,TA11,PRD2,311,TR transf. dans div.,,4901257651,02.10.2026,-72,PC,PF ECROU PLASTIQUE M8 REF 29,OPEXP02
1000910625,TA11,EXP2,311,TR transf. dans div.,,4901257651,02.10.2026,72,PC,PF ECROU PLASTIQUE M8 REF 29,OPEXP02
1000910625,TA11,PRD2,311,TR transf. dans div.,,4901257652,02.10.2026,-72,PC,PF ECROU PLASTIQUE M8 REF 29,OPEXP01
1000910625,TA11,EXP2,311,TR transf. dans div.,,4901257652,02.10.2026,72,PC,PF ECROU PLASTIQUE M8 REF 29,OPEXP01
1000921426,TA11,PRD2,311,TR transf. dans div.,,4901257653,02.10.2026,-200,PC,PF CONDUIT AIR 80MM REF 15,BARFLOW_TA11
1000921426,TA11,EXP2,311,TR transf. dans div.,,4901257653,02.10.2026,200,PC,PF CONDUIT AIR 80MM REF 15,BARFLOW_TA11
1000562521,TA11,PRD2,311,TR transf. dans div.,,4901257654,02.10.2026,-144,PC,PF BRIDE SERRAGE INOX REF 16,BARFLOW_TA11
1000562521,TA11,EXP2,311,TR transf. dans div.,,4901257654,02.10.2026,144,PC,PF BRIDE SERRAGE INOX REF 16,BARFLOW_TA11
1000921426,TA11,PRD2,311,TR transf. dans div.,,4901257655,02.10.2026,-200,PC,PF CONDUIT AIR 80MM REF 15,BARFLOW_TA11
1000921426,TA11,EXP2,311,TR transf. dans div.,,4901257655,02.10.2026,200,PC,PF CONDUIT AIR 80MM REF 15,BARFLOW_TA11
1000921426,TA11,PRD2,311,TR transf. dans div.,,4901257657,02.10.2026,-200,PC,PF CONDUIT AIR 80MM REF 15,BARFLOW_TA11
1000921426,TA11,EXP2,311,TR transf. dans div.,,4901257657,02.10.2026,200,PC,PF CONDUIT AIR 80MM REF 15,BARFLOW_TA11
1000921426,TA11,PRD2,311,TR transf. dans div.,,4901257659,02.10.2026,-200,PC,PF CONDUIT AIR 80MM REF 15,BARFLOW_TA11
1000921426,TA11,EXP2,311,TR transf. dans div.,,4901257659,02.10.2026,200,PC,PF CONDUIT AIR 80MM REF 15,BARFLOW_TA11
1000921426,TA11,PRD2,311,TR transf. dans div.,,4901257664,03.10.2026,-200,PC,PF CONDUIT AIR 80MM REF 15,BARFLOW_TA11
1000921426,TA11,EXP2,311,TR transf. dans div.,,4901257664,03.10.2026,200,PC,PF CONDUIT AIR 80MM REF 15,BARFLOW_TA11
1000910625,TA11,EMRT,311,TR transf. dans div.,,4901257669,03.10.2026,-72,PC,PF ECROU PLASTIQUE M8 REF 29,CHEFQUAI1
1000910625,TA11,EXP2,311,TR transf. dans div.,,4901257669,03.10.2026,72,PC,PF ECROU PLASTIQUE M8 REF 29,CHEFQUAI1
1000334130,TA11,PRD2,311,TR transf. dans div.,,4901257672,03.10.2026,-480,PC,PF PLATINE ELECTRONIQUE REF 12,OPEXP01
1000334130,TA11,EXP2,311,TR transf. dans div.,,4901257672,03.10.2026,480,PC,PF PLATINE ELECTRONIQUE REF 12,OPEXP01
1000541046,TA11,PRD2,311,TR transf. dans div.,,4901257673,03.10.2026,-144,PC,PF CLIP FIXATION X100 REF 30,BARFLOW_TA11
1000541046,TA11,EXP2,311,TR transf. dans div.,,4901257673,03.10.2026,144,PC,PF CLIP FIXATION X100 REF 30,BARFLOW_TA11
1000910625,TA11,PRD2,311,TR transf. dans div.,,4901257674,03.10.2026,-72,PC,PF ECROU PLASTIQUE M8 REF 29,BARFLOW_TA11
1000910625,TA11,EXP2,311,TR transf. dans div.,,4901257674,03.10.2026,72,PC,PF ECROU PLASTIQUE M8 REF 29,BARFLOW_TA11
1000102657,TA11,PRD2,311,TR transf. dans div.,,4901257676,03.10.2026,-144,PC,PF BAC RANGEMENT REF 23,BARFLOW_TA11
1000102657,TA11,EXP2,311,TR transf. dans div.,,4901257676,03.10.2026,144,PC,PF BAC RANGEMENT REF 23,BARFLOW_TA11
1000914295,TA11,EXP2,311,TR transf. dans div.,,4901257679,03.10.2026,-320,PC,PF CONNECTEUR 4 VOIES REF 04,OPEXP01
1000914295,TA11,EMRT,311,TR transf. dans div.,,4901257679,03.10.2026,320,PC,PF CONNECTEUR 4 VOIES REF 04,OPEXP01
1000351589,TA11,PRD2,311,TR transf. dans div.,,4901257684,03.10.2026,-48,PC,PF BOITIER COMMANDE REF 31,BARFLOW_TA11
1000351589,TA11,EXP2,311,TR transf. dans div.,,4901257684,03.10.2026,48,PC,PF BOITIER COMMANDE REF 31,BARFLOW_TA11
1000730226,TA11,PRD2,311,TR transf. dans div.,,4901257694,03.10.2026,-24,PC,PF CAPOT MOTEUR GRIS REF 02,BARFLOW_TA11
1000730226,TA11,EXP2,311,TR transf. dans div.,,4901257694,03.10.2026,24,PC,PF CAPOT MOTEUR GRIS REF 02,BARFLOW_TA11
1000541046,TA11,PRD2,311,TR transf. dans div.,,4901257704,03.10.2026,-144,PC,PF CLIP FIXATION X100 REF 30,BARFLOW_TA11
1000541046,TA11,EXP2,311,TR transf. dans div.,,4901257704,03.10.2026,144,PC,PF CLIP FIXATION X100 REF 30,BARFLOW_TA11
1000730226,TA11,PRD2,311,TR transf. dans div.,,4901257710,03.10.2026,-24,PC,PF CAPOT MOTEUR GRIS REF 02,BARFLOW_TA11
1000730226,TA11,EXP2,311,TR transf. dans div.,,4901257710,03.10.2026,24,PC,PF CAPOT MOTEUR GRIS REF 02,BARFLOW_TA11
1000730226,TA11,PRD2,311,TR transf. dans div.,,4901257722,03.10.2026,-24,PC,PF CAPOT MOTEUR GRIS REF 02,BARFLOW_TA11
1000730226,TA11,EXP2,311,TR transf. dans div.,,4901257722,03.10.2026,24,PC,PF CAPOT MOTEUR GRIS REF 02,BARFLOW_TA11
1000562521,TA11,EXP2,311,TR transf. dans div.,,4901257730,03.10.2026,-432,PC,PF BRIDE SERRAGE INOX REF 16,OPEXP03
1000562521,TA11,EMRT,311,TR transf. dans div.,,4901257730,03.10.2026,432,PC,PF BRIDE SERRAGE INOX REF 16,OPEXP03
1000905427,TA11,PRD2,311,TR transf. dans div.,,4901257741,03.10.2026,-72,PC,PF PANNEAU PORTE GAUCHE REF 21,BARFLOW_TA11
1000905427,TA11,EXP2,311,TR transf. dans div.,,4901257741,03.10.2026,72,PC,PF PANNEAU PORTE GAUCHE REF 21,BARFLOW_TA11
1000216115,TA11,PRD2,311,TR transf. dans div.,,4901257748,03.10.2026,-480,PC,PF PLAQUE INSONORISANTE REF 33,BARFLOW_TA11
1000216115,TA11,EXP2,311,TR transf. dans div.,,4901257748,03.10.2026,480,PC,PF PLAQUE INSONORISANTE REF 33,BARFLOW_TA11
1000626925,TA11,PRD2,311,TR transf. dans div.,,4901257754,03.10.2026,-24,PC,PF BOITIER 12V REF 01,BARFLOW_TA11
1000626925,TA11,EXP2,311,TR transf. dans div.,,4901257754,03.10.2026,24,PC,PF BOITIER 12V REF 01,BARFLOW_TA11
1000905427,TA11,PRD2,311,TR transf. dans div.,,4901257759,03.10.2026,-72,PC,PF PANNEAU PORTE GAUCHE REF 21,BARFLOW_TA11
1000905427,TA11,EXP2,311,TR transf. dans div.,,4901257759,03.10.2026,72,PC,PF PANNEAU PORTE GAUCHE REF 21,BARFLOW_TA11
1000730226,TA11,PRD2,311,TR transf. dans div.,,4901257762,03.10.2026,-24,PC,PF CAPOT MOTEUR GRIS REF 02,BARFLOW_TA11
1000730226,TA11,EXP2,311,TR transf. dans div.,,4901257762,03.10.2026,24,PC,PF CAPOT MOTEUR GRIS REF 02,BARFLOW_TA11
1000905427,TA11,PRD2,311,TR transf. dans div.,,4901257764,03.10.2026,-72,PC,PF PANNEAU PORTE GAUCHE REF 21,BARFLOW_TA11
1000905427,TA11,EXP2,311,TR transf. dans div.,,4901257764,03.10.2026,72,PC,PF PANNEAU PORTE GAUCHE REF 21,BARFLOW_TA11
1000905427,TA11,PRD2,311,TR transf. dans div.,,4901257767,03.10.2026,-72,PC,PF PANNEAU PORTE GAUCHE REF 21,BARFLOW_TA11
1000905427,TA11,EXP2,311,TR transf. dans div.,,4901257767,03.10.2026,72,PC,PF PANNEAU PORTE GAUCHE REF 21,BARFLOW_TA11
1000216115,TA11,PRD2,311,TR transf. dans div.,,4901257771,03.10.2026,-480,PC,PF PLAQUE INSONORISANTE REF 33,BARFLOW_TA11
1000216115,TA11,EXP2,311,TR transf. dans div.,,4901257771,03.10.2026,480,PC,PF PLAQUE INSONORISANTE REF 33,BARFLOW_TA11
1000216115,TA11,PRD2,311,TR transf. dans div.,,4901257775,03.10.2026,-480,PC,PF PLAQUE INSONORISANTE REF 33,BARFLOW_TA11
1000216115,TA11,EXP2,311,TR transf. dans div.,,4901257775,03.10.2026,480,PC,PF PLAQUE INSONORISANTE REF 33,BARFLOW_TA11
1000730226,TA11,PRD2,311,TR transf. dans div.,,4901257781,03.10.2026,-24,PC,PF CAPOT MOTEUR GRIS REF 02,BARFLOW_TA11
1000730226,TA11,EXP2,311,TR transf. dans div.,,4901257781,03.10.2026,24,PC,PF CAPOT MOTEUR GRIS REF 02,BARFLOW_TA11
1000626925,TA11,PRD2,311,TR transf. dans div.,,4901257782,03.10.2026,-24,PC,PF BOITIER 12V REF 01,BARFLOW_TA11
1000626925,TA11,EXP2,311,TR transf. dans div.,,4901257782,03.10.2026,24,PC,PF BOITIER 12V REF 01,BARFLOW_TA11
1000429497,TA11,EMRT,311,TR transf. dans div.,,4901257785,03.10.2026,-384,PC,PF PANNEAU PORTE DROIT REF 22,OPEXP01
1000429497,TA11,EXP2,311,TR transf. dans div.,,4901257785,03.10.2026,384,PC,PF PANNEAU PORTE DROIT REF 22,OPEXP01
1000216115,TA11,PRD2,311,TR transf. dans div.,,4901257788,03.10.2026,-480,PC,PF PLAQUE INSONORISANTE REF 33,BARFLOW_TA11
1000216115,TA11,EXP2,311,TR transf. dans div.,,4901257788,03.10.2026,480,PC,PF PLAQUE INSONORISANTE REF 33,BARFLOW_TA11
1000730226,TA11,PRD2,311,TR transf. dans div.,,4901257791,03.10.2026,-24,PC,PF CAPOT MOTEUR GRIS REF 02,BARFLOW_TA11
1000730226,TA11,EXP2,311,TR transf. dans div.,,4901257791,03.10.2026,24,PC,PF CAPOT MOTEUR GRIS REF 02,BARFLOW_TA11
1000905427,TA11,PRD2,311,TR transf. dans div.,,4901257803,03.10.2026,-72,PC,PF PANNEAU PORTE GAUCHE REF 21,BARFLOW_TA11
1000905427,TA11,EXP2,311,TR transf. dans div.,,4901257803,03.10.2026,72,PC,PF PANNEAU PORTE GAUCHE REF 21,BARFLOW_TA11
1000700381,TA11,PRD2,311,TR transf. dans div.,,4901257815,03.10.2026,-72,PC,PF BOITIER FUSIBLES REF 11,BARFLOW_TA11
1000700381,TA11,EXP2,311,TR transf. dans div.,,4901257815,03.10.2026,72,PC,PF BOITIER FUSIBLES REF 11,BARFLOW_TA11
1000216115,TA11,PRD2,311,TR transf. dans div.,,4901257818,03.10.2026,-480,PC,PF PLAQUE INSONORISANTE REF 33,BARFLOW_TA11
1000216115,TA11,EXP2,311,TR transf. dans div.,,4901257818,03.10.2026,480,PC,PF PLAQUE INSONORISANTE REF 33,BARFLOW_TA11
1000866025,TA11,PRD2,311,TR transf. dans div.,,4901257823,03.10.2026,-144,PC,PF GAINE ELECTRIQUE 25MM REF 25,OPEXP03
1000866025,TA11,EXP2,311,TR transf. dans div.,,4901257823,03.10.2026,144,PC,PF GAINE ELECTRIQUE 25MM REF 25,OPEXP03
1000700381,TA11,PRD2,311,TR transf. dans div.,,4901257825,03.10.2026,-72,PC,PF BOITIER FUSIBLES REF 11,BARFLOW_TA11
1000700381,TA11,EXP2,311,TR transf. dans div.,,4901257825,03.10.2026,72,PC,PF BOITIER FUSIBLES REF 11,BARFLOW_TA11
1000730226,TA11,PRD2,311,TR transf. dans div.,,4901257826,03.10.2026,-24,PC,PF CAPOT MOTEUR GRIS REF 02,BARFLOW_TA11
1000730226,TA11,EXP2,311,TR transf. dans div.,,4901257826,03.10.2026,24,PC,PF CAPOT MOTEUR GRIS REF 02,BARFLOW_TA11
1000626925,TA11,PRD2,311,TR transf. dans div.,,4901257829,03.10.2026,-24,PC,PF BOITIER 12V REF 01,OPEXP02
1000626925,TA11,EXP2,311,TR transf. dans div.,,4901257829,03.10.2026,24,PC,PF BOITIER 12V REF 01,OPEXP02
1000626925,TA11,PRD2,311,TR transf. dans div.,,4901257833,03.10.2026,-24,PC,PF BOITIER 12V REF 01,BARFLOW_TA11
1000626925,TA11,EXP2,311,TR transf. dans div.,,4901257833,03.10.2026,24,PC,PF BOITIER 12V REF 01,BARFLOW_TA11
1000216115,TA11,PRD2,311,TR transf. dans div.,,4901257840,03.10.2026,-480,PC,PF PLAQUE INSONORISANTE REF 33,OPEXP01
1000216115,TA11,EXP2,311,TR transf. dans div.,,4901257840,03.10.2026,480,PC,PF PLAQUE INSONORISANTE REF 33,OPEXP01
1000983322,TA11,PRD2,311,TR transf. dans div.,,4901257845,03.10.2026,-96,PC,PF POIGNEE PORTE CHROME REF 09,BARFLOW_TA11
1000983322,TA11,EXP2,311,TR transf. dans div.,,4901257845,03.10.2026,96,PC,PF POIGNEE PORTE CHROME REF 09,BARFLOW_TA11
1000216115,TA11,PRD2,311,TR transf. dans div.,,4901257848,03.10.2026,-353,PC,PF PLAQUE INSONORISANTE REF 33,BARFLOW_TA11
1000216115,TA11,EXP2,311,TR transf. dans div.,,4901257848,03.10.2026,353,PC,PF PLAQUE INSONORISANTE REF 33,BARFLOW_TA11
1000626925,TA11,PRD2,311,TR transf. dans div.,,4901257855,03.10.2026,-24,PC,PF BOITIER 12V REF 01,BARFLOW_TA11
1000626925,TA11,EXP2,311,TR transf. dans div.,,4901257855,03.10.2026,24,PC,PF BOITIER 12V REF 01,BARFLOW_TA11
1000626925,TA11,PRD2,311,TR transf. dans div.,,4901257858,03.10.2026,-24,PC,PF BOITIER 12V REF 01,BARFLOW_TA11
1000626925,TA11,EXP2,311,TR transf. dans div.,,4901257858,03.10.2026,24,PC,PF BOITIER 12V REF 01,BARFLOW_TA11
1000954340,TA11,PRD2,311,TR transf. dans div.,,4901257868,03.10.2026,-480,PC,PF FILTRE HABITACLE REF 27,BARFLOW_TA11
1000954340,TA11,EXP2,311,TR transf. dans div.,,4901257868,03.10.2026,480,PC,PF FILTRE HABITACLE REF 27,BARFLOW_TA11
1000866025,TA11,PRD2,311,TR transf. dans div.,,4901257869,03.10.2026,-144,PC,PF GAINE ELECTRIQUE 25MM REF 25,BARFLOW_TA11
1000866025,TA11,EXP2,311,TR transf. dans div.,,4901257869,03.10.2026,144,PC,PF GAINE ELECTRIQUE 25MM REF 25,BARFLOW_TA11
1000954340,TA11,PRD2,311,TR transf. dans div.,,4901257877,03.10.2026,-480,PC,PF FILTRE HABITACLE REF 27,BARFLOW_TA11
1000954340,TA11,EXP2,311,TR transf. dans div.,,4901257877,03.10.2026,480,PC,PF FILTRE HABITACLE REF 27,BARFLOW_TA11
1000744039,TA11,PRD2,311,TR transf. dans div.,,4901257882,03.10.2026,-480,PC,PF PATTE FIXATION REF 26,BARFLOW_TA11
1000744039,TA11,EXP2,311,TR transf. dans div.,,4901257882,03.10.2026,480,PC,PF PATTE FIXATION REF 26,BARFLOW_TA11
1000744039,TA11,PRD2,311,TR transf. dans div.,,4901257885,03.10.2026,-480,PC,PF PATTE FIXATION REF 26,BARFLOW_TA11
1000744039,TA11,EXP2,311,TR transf. dans div.,,4901257885,03.10.2026,480,PC,PF PATTE FIXATION REF 26,BARFLOW_TA11
1000744039,TA11,PRD2,311,TR transf. dans div.,,4901257887,03.10.2026,-480,PC,PF PATTE FIXATION REF 26,BARFLOW_TA11
1000744039,TA11,EXP2,311,TR transf. dans div.,,4901257887,03.10.2026,480,PC,PF PATTE FIXATION REF 26,BARFLOW_TA11
1000983322,TA11,PRD2,311,TR transf. dans div.,,4901257889,03.10.2026,-96,PC,PF POIGNEE PORTE CHROME REF 09,BARFLOW_TA11
1000983322,TA11,EXP2,311,TR transf. dans div.,,4901257889,03.10.2026,96,PC,PF POIGNEE PORTE CHROME REF 09,BARFLOW_TA11
1000954340,TA11,PRD2,311,TR transf. dans div.,,4901257892,03.10.2026,-480,PC,PF FILTRE HABITACLE REF 27,OPEXP01
1000954340,TA11,EXP2,311,TR transf. dans div.,,4901257892,03.10.2026,480,PC,PF FILTRE HABITACLE REF 27,OPEXP01
1000778636,TA11,PRD2,311,TR transf. dans div.,,4901257895,03.10.2026,-144,PC,PF GRILLE AERATION BLANCHE REF 08,BARFLOW_TA11
1000778636,TA11,EXP2,311,TR transf. dans div.,,4901257895,03.10.2026,144,PC,PF GRILLE AERATION BLANCHE REF 08,BARFLOW_TA11
1000778636,TA11,PRD2,311,TR transf. dans div.,,4901257898,03.10.2026,-144,PC,PF GRILLE AERATION BLANCHE REF 08,BARFLOW_TA11
1000778636,TA11,EXP2,311,TR transf. dans div.,,4901257898,03.10.2026,144,PC,PF GRILLE AERATION BLANCHE REF 08,BARFLOW_TA11
1000778636,TA11,PRD2,311,TR transf. dans div.,,4901257899,03.10.2026,-144,PC,PF GRILLE AERATION BLANCHE REF 08,BARFLOW_TA11
1000778636,TA11,EXP2,311,TR transf. dans div.,,4901257899,03.10.2026,144,PC,PF GRILLE AERATION BLANCHE REF 08,BARFLOW_TA11
1000744039,TA11,PRD2,311,TR transf. dans div.,,4901257902,03.10.2026,-358,PC,PF PATTE FIXATION REF 26,BARFLOW_TA11
1000744039,TA11,EXP2,311,TR transf. dans div.,,4901257902,03.10.2026,358,PC,PF PATTE FIXATION REF 26,BARFLOW_TA11
1000778636,TA11,PRD2,311,TR transf. dans div.,,4901257905,03.10.2026,-144,PC,PF GRILLE AERATION BLANCHE REF 08,BARFLOW_TA11
1000778636,TA11,EXP2,311,TR transf. dans div.,,4901257905,03.10.2026,144,PC,PF GRILLE AERATION BLANCHE REF 08,BARFLOW_TA11
1000744039,TA11,PRD2,311,TR transf. dans div.,,4901257907,03.10.2026,-480,PC,PF PATTE FIXATION REF 26,BARFLOW_TA11
1000744039,TA11,EXP2,311,TR transf. dans div.,,4901257907,03.10.2026,480,PC,PF PATTE FIXATION REF 26,BARFLOW_TA11
1000778636,TA11,PRD2,311,TR transf. dans div.,,4901257909,03.10.2026,-144,PC,PF GRILLE AERATION BLANCHE REF 08,BARFLOW_TA11
1000778636,TA11,EXP2,311,TR transf. dans div.,,4901257909,03.10.2026,144,PC,PF GRILLE AERATION BLANCHE REF 08,BARFLOW_TA11
1000778636,TA11,PRD2,311,TR transf. dans div.,,4901257911,03.10.2026,-144,PC,PF GRILLE AERATION BLANCHE REF 08,OPEXP01
1000778636,TA11,EXP2,311,TR transf. dans div.,,4901257911,03.10.2026,144,PC,PF GRILLE AERATION BLANCHE REF 08,OPEXP01
1000983322,TA11,PRD2,311,TR transf. dans div.,,4901257914,03.10.2026,-96,PC,PF POIGNEE PORTE CHROME REF 09,BARFLOW_TA11
1000983322,TA11,EXP2,311,TR transf. dans div.,,4901257914,03.10.2026,96,PC,PF POIGNEE PORTE CHROME REF 09,BARFLOW_TA11
1000983322,TA11,PRD2,311,TR transf. dans div.,,4901257916,03.10.2026,-96,PC,PF POIGNEE PORTE CHROME REF 09,OPEXP03
1000983322,TA11,EXP2,311,TR transf. dans div.,,4901257916,03.10.2026,96,PC,PF POIGNEE PORTE CHROME REF 09,OPEXP03
1000983322,TA11,PRD2,311,TR transf. dans div.,,4901257919,03.10.2026,-96,PC,PF POIGNEE PORTE CHROME REF 09,BARFLOW_TA11
1000983322,TA11,EXP2,311,TR transf. dans div.,,4901257919,03.10.2026,96,PC,PF POIGNEE PORTE CHROME REF 09,BARFLOW_TA11
1000429497,TA11,EXP2,311,TR transf. dans div.,,4901257921,03.10.2026,-192,PC,PF PANNEAU PORTE DROIT REF 22,OPEXP02
1000429497,TA11,EMRT,311,TR transf. dans div.,,4901257921,03.10.2026,192,PC,PF PANNEAU PORTE DROIT REF 22,OPEXP02
1000744039,TA11,PRD2,311,TR transf. dans div.,,4901257924,03.10.2026,-480,PC,PF PATTE FIXATION REF 26,BARFLOW_TA11
1000744039,TA11,EXP2,311,TR transf. dans div.,,4901257924,03.10.2026,480,PC,PF PATTE FIXATION REF 26,BARFLOW_TA11
1000983322,TA11,PRD2,311,TR transf. dans div.,,4901257926,03.10.2026,-96,PC,PF POIGNEE PORTE CHROME REF 09,OPEXP03
1000983322,TA11,EXP2,311,TR transf. dans div.,,4901257926,03.10.2026,96,PC,PF POIGNEE PORTE CHROME REF 09,OPEXP03
1000744039,TA11,PRD2,311,TR transf. dans div.,,4901257929,03.10.2026,-480,PC,PF PATTE FIXATION REF 26,BARFLOW_TA11
1000744039,TA11,EXP2,311,TR transf. dans div.,,4901257929,03.10.2026,480,PC,PF PATTE FIXATION REF 26,BARFLOW_TA11
1000866025,TA11,PRD2,311,TR transf. dans div.,,4901257931,03.10.2026,-144,PC,PF GAINE ELECTRIQUE 25MM REF 25,BARFLOW_TA11
1000866025,TA11,EXP2,311,TR transf. dans div.,,4901257931,03.10.2026,144,PC,PF GAINE ELECTRIQUE 25MM REF 25,BARFLOW_TA11
1000983322,TA11,PRD2,311,TR transf. dans div.,,4901257932,03.10.2026,-76,PC,PF POIGNEE PORTE CHROME REF 09,BARFLOW_TA11
1000983322,TA11,EXP2,311,TR transf. dans div.,,4901257932,03.10.2026,76,PC,PF POIGNEE PORTE CHROME REF 09,BARFLOW_TA11
1000954340,TA11,PRD2,311,TR transf. dans div.,,4901257934,03.10.2026,-480,PC,PF FILTRE HABITACLE REF 27,BARFLOW_TA11
1000954340,TA11,EXP2,311,TR transf. dans div.,,4901257934,03.10.2026,480,PC,PF FILTRE HABITACLE REF 27,BARFLOW_TA11
1000320436,TA11,PRD2,311,TR transf. dans div.,,4901257937,03.10.2026,-60,PC,PF JOINT ETANCHEITE 60MM REF 10,OPEXP03
1000320436,TA11,EXP2,311,TR transf. dans div.,,4901257937,03.10.2026,60,PC,PF JOINT ETANCHEITE 60MM REF 10,OPEXP03
1000778636,TA11,PRD2,311,TR transf. dans div.,,4901257940,03.10.2026,-144,PC,PF GRILLE AERATION BLANCHE REF 08,BARFLOW_TA11
1000778636,TA11,EXP2,311,TR transf. dans div.,,4901257940,03.10.2026,144,PC,PF GRILLE AERATION BLANCHE REF 08,BARFLOW_TA11
1000320436,TA11,PRD2,311,TR transf. dans div.,,4901257942,03.10.2026,-60,PC,PF JOINT ETANCHEITE 60MM REF 10,BARFLOW_TA11
1000320436,TA11,EXP2,311,TR transf. dans div.,,4901257942,03.10.2026,60,PC,PF JOINT ETANCHEITE 60MM REF 10,BARFLOW_TA11
1000320436,TA11,PRD2,311,TR transf. dans div.,,4901257944,03.10.2026,-60,PC,PF JOINT ETANCHEITE 60MM REF 10,BARFLOW_TA11
1000320436,TA11,EXP2,311,TR transf. dans div.,,4901257944,03.10.2026,60,PC,PF JOINT ETANCHEITE 60MM REF 10,BARFLOW_TA11
1000320436,TA11,PRD2,311,TR transf. dans div.,,4901257948,03.10.2026,-60,PC,PF JOINT ETANCHEITE 60MM REF 10,BARFLOW_TA11
1000320436,TA11,EXP2,311,TR transf. dans div.,,4901257948,03.10.2026,60,PC,PF JOINT ETANCHEITE 60MM REF 10,BARFLOW_TA11
1000207622,TA11,PRD2,311,TR transf. dans div.,,4901257968,03.10.2026,-400,KG,PF GRANULE PE NOIR BIG BAG,BARFLOW_TA11
1000207622,TA11,EXP2,311,TR transf. dans div.,,4901257968,03.10.2026,400,KG,PF GRANULE PE NOIR BIG BAG,BARFLOW_TA11
1000207622,TA11,PRD2,311,TR transf. dans div.,,4901257969,03.10.2026,-400,KG,PF GRANULE PE NOIR BIG BAG,BARFLOW_TA11
1000207622,TA11,EXP2,311,TR transf. dans div.,,4901257969,03.10.2026,400,KG,PF GRANULE PE NOIR BIG BAG,BARFLOW_TA11
